start,ende,strasse,geschwindigkeit,hausnummer,fahrtrichtung,reichweite,akkuwechsel,anmerkung1,anmerkung2,hausnummer_geodaten,hausnummer_zusatz,strasse_geodaten,id_strasse,id_standort,lat_geodaten,lon_geodaten,lat_osm,lon_osm
30.01.2020,17.03.2020,Reutestraße,,23,Hardtstr.,,,,,,,Reutestraße,79261,,47.68160017128607,9.155352588318344,47.681445720887126,9.155288875063096
17.02.2020,26.05.2020,Wollmatinger Straße,,37,Zaehringerplatz,,,,,,,Wollmatinger Straße,80038,,47.67579022384516,9.178629528539997,47.67612748674632,9.17874703609507
18.02.2020,07.04.2020,Reichenaustraße,,19,Moschee,,,,?,,,Reichenaustraße,79240,,47.67158073486065,9.166857507244115,47.67169197419789,9.16686371835872
25.02.2020,27.05.2020,Breslauer Straße,,27,Riedstr.,,,,,,,Breslauer Straße,77399,,47.6852506992046,9.15200424743935,47.68488699669116,9.151845089256817
28.02.2020,07.05.2020,Max-Stromeyer-Straße,,13,Gottmannplatz,,,,,,,Max-Stromeyer-Straße,78862,,47.67432442711562,9.165973945378951,47.6744935828457,9.166021880274492
03.03.2020,01.04.2020,Radolfzeller Straße,,13,stadtauswaerts,,,,,,,Radolfzeller Straße,79184,,47.68956266438408,9.14772850507602,47.6895871408889,9.147927425242186
09.03.2020,07.04.2020,Mainaustraße,,147,Faehre/Mainau,,,,,,,Mainaustraße,78799,,47.681764553855416,9.202141299330178,47.68169605238244,9.202310178885774
11.03.2020,01.04.2020,Sonnentauweg,,31,GSS,,,,,,,Sonnentauweg,79688,,47.68334521162628,9.16668169706421,47.68343605732673,9.166720420838567
12.03.2020,31.08.2020,Untere Laube,,12,Obere Laube,150.0,,,?,,,Untere Laube,79898,,47.66392580488949,9.172957088877771,47.663885616300085,9.17304913135232
17.03.2020,03.06.2020,Reutestraße,,36,Fuerstenbergstr.,,,,,,,Reutestraße,79261,,47.68203536193821,9.15336660993012,47.6822025535273,9.153436475380916
01.04.2020,06.07.2020,Beyerlestraße,,19,Blindmessung,,,,,,,Beyerlestraße,77301,,47.67599892756191,9.1865167237891,47.67599143166216,9.18664329015064
01.04.2020,07.05.2020,Obere Laube,,65,Untere Laube,,,,,,,Obere Laube,79065,,47.6602673065648,9.171654981877172,47.66032312133468,9.17156654185498
07.04.2020,02.09.2020,Radolfzeller Straße,,20,Fuerstenbergstr.,50.0,,,,,,Radolfzeller Straße,79184,,47.69035988603817,9.147287264080314,47.69028306180859,9.14725145128156
07.04.2020,06.07.2020,Reichenaustraße,,36,stadtauswaerts,,,,?,,,Reichenaustraße,79240,,47.6717952023471,9.167808936763926,47.67169603218602,9.16779794440872
07.05.2020,20.07.2020,Mainaustraße,,165,Faehre/Stadteinwaerts,,,,,,,Mainaustraße,78799,,47.68385849789671,9.202089561948917,47.68395876251142,9.202184614319956
07.05.2020,02.09.2020,Untere Laube ,,37,Rheinsteig,150.0,,,,,,Untere Laube,79898,,47.66371740951067,9.173379821409856,47.66376824512998,9.17326063537802
07.05.2020,20.07.2020,Eichhornstraße,,56,Mainaustr.,,,,,,,Eichhornstraße,77672,,47.666476176354,9.198647166322798,47.667047096365366,9.198814681775184
27.05.2020,22.06.2020,Konstanzer Straße ,,9,FR Konstanz,,,,,,,Konstanzer Straße,78594,,47.73357247376216,9.117351092010583,47.733538832427776,9.117262794545017
27.05.2020,16.06.2020,Breslauer Straße,,27,FR Hardstr.,,,,,,,Breslauer Straße,77399,,47.6852506992046,9.15200424743935,47.68488699669116,9.151845089256817
03.06.2020,20.07.2020,Wollmatinger Straße,,22,FR Stadtauswaerts,,,,,,,Wollmatinger Straße,80038,,47.67582229223436,9.179987989043576,47.675684012913685,9.17993558495259
03.06.2020,16.06.2020,Längerbohlstraße,,27,FR Buhlenweg,50.0,,,Viasis,,,Längerbohlstraße,78659,,47.68719904925726,9.15457009545838,47.687026636038446,9.154516514606746
03.06.2020,16.06.2020,Staader Straße,,16,FR Mainaustrasse,40.0,,,Viasis,,,Staader Straße,79709,,47.680504794444886,9.20497715471176,47.68062608099266,9.204997722198742
16.06.2020,20.07.2020,H.-von-Vicari-Straße,,17,FR Jakobstrasse,,,,,,,Hermann-von-Vicari-Straße,78225,,47.67360188155816,9.20099100684434,47.673478055958256,9.200980223487186
16.06.2020,03.08.2020,Mannheimerstraße,,7,FR Brandenburgerstrasse,,,,Viasis,,,Mannheimer Straße,78249,,47.68541513440612,9.143943601427598,47.68549759347171,9.143969135200186
16.06.2020,03.08.2020,Kuhmoosweg ,,4,FR Am Pfeiferhoelzle,,,,Viasis,,,Kuhmoosweg,78645,,47.68214941150594,9.18008436561088,47.68242446721734,9.179979210756269
06.07.2020,18.08.2020,Fritz-Arnold-Straße,,5,August-Borsig-Str.,150.0,,,,,,Fritz-Arnold-Straße,77896,,47.67701748564431,9.145239050410062,47.67735194173439,9.144801500031264
06.07.2020,18.08.2020,Kreuzlingerstraße,,5,Laube,40.0,,Statistik erfasst nicht unter 15 km/h,,,,Kreuzlinger Straße,78624,,47.6580675761318,9.17090889615115,47.65806554964578,9.170788036525057
20.07.2020,30.09.2020,Mainaustraße,,165,Egg,50.0,,,,,,Mainaustraße,78799,,47.68385849789671,9.202089561948917,47.68395876251142,9.202184614319956
20.07.2020,30.09.2020,Jakobstraße,,37,KiGa,50.0,,8710 defekt seit 30.09.2020,,,,Jakobstraße,78428,,47.67678123563157,9.20595484100531,47.67665656752815,9.205758040126137
20.07.2020,31.08.2020,Rudolf-Diesel-Straße,,4,Ernst-Sachs-Str.,40.0,,,,,,Rudolf-Diesel-Straße,79373,,47.673512135947405,9.151452470122104,47.67341181834998,9.151605876077124
20.07.2020,02.11.2020,Hermann-von-Vicari-Straße,,17,Mainaustr.,60.0,,,,,,Hermann-von-Vicari-Straße,78225,,47.67360188155816,9.20099100684434,47.673478055958256,9.200980223487186
03.08.2020,22.10.2020,Schwedenschanze ,,8,Emmishofer Strasse,60.0,,,,,,Schwedenschanze,79597,,47.65588536384615,9.17041995452639,47.65609725927781,9.170564626338018
03.08.2020,12.10.2020,Winterersteig,,5,Schaenzle,70.0,,,Viasis,,,Winterersteig,80017,,47.66892264625087,9.167156342084487,47.66918850048519,9.167187497486838
03.08.2020,22.10.2020,Kuhmoosweg ,,7,Universitaetsstr.,100.0,,,Viasis,,,Kuhmoosweg,78645,,47.68217838299786,9.179453306968394,47.68241518243021,9.179526977902905
18.08.2020,30.09.2020,Hermann-Hesse-Weg,,12,Therme,70.0,,,,,,Hermann-Hesse-Weg,78218,,47.66472572397149,9.206765462583869,47.66484741019276,9.2068655697819
18.08.2020,22.10.2020,Herosestraße,,9,Wendeflaeche,40.0,,,,,,Herosestraße,78232,,47.68446897023156,9.158202175384384,47.6840926,9.1575419
31.08.2020,11.09.2020,Schwaketenstraße,,3,Radolfzeller Str.,100.0,,,,,,Schwaketenstraße,79583,,47.6901017945815,9.148085832447688,47.68999110827243,9.148079333161943
11.09.2020,12.10.2020,Schwaketenstraße,,3,Radolfzeller Str.,100.0,,,Statistik erfasst Tag/Nacht nicht,,,Schwaketenstraße,79583,,47.6901017945815,9.148085832447688,47.68999110827243,9.148079333161943
31.08.2020,05.11.2020,Rheingutstraße,,35,Hans-Breinlinger-Str.,170.0,,,,,,Rheingutstraße,79275,,47.667270172748445,9.165448076602232,47.66739883901232,9.165462880636747
02.09.2020,12.10.2020,Engelsteig,,1,Radolfzeller Str.,100.0,,,,,,Engelsteig,77721,,47.6925353505573,9.145235089146716,47.69260597646371,9.14514555832596
02.09.2020,24.11.2020,Radolfzeller Straße,,65,Fuerstenbergstr.,100.0,,,,,,Radolfzeller Straße,79184,,47.69350977989437,9.143605650058308,47.693624947446025,9.143645220870615
30.09.2020,02.11.2020,Allmannsdorfer Straße,,26,Mainaustr.,70.0,,,,,,Allmannsdorfer Straße,77014,,47.67355244361336,9.186577146106696,47.67368024802081,9.186564670252242
30.09.2020,11.01.2021,Buhlenweg,,22,Schwaketenstrasse,100.0,,,,,,Buhlenweg,77490,,47.68424863604211,9.159488259606697,47.68431775105679,9.159422688951752
12.10.2020,30.11.2020,Zur Friedrichshöhe ,,13,Silvanerweg ,30.0,,,,,,Zur Friedrichshöhe,80143,,47.67561697523089,9.192562772499516,47.67573575862587,9.19276074482448
12.10.2020,11.12.2020,Schwaketenstraße,,3,GSS,50.0,,,Statistik erfasst Tag/Nacht nicht,,,Schwaketenstraße,79583,,47.6901017945815,9.148085832447688,47.68999110827243,9.148079333161943
12.10.2020,25.01.2021,Karlsruherstraße,,23,Hardtstr.,50.0,,,Viasis,,,Karlsruher Straße,78484,,47.68437948351662,9.149722815468492,47.68427730794821,9.14970142488376
22.10.2020,19.01.2021,Litzelstetter Str,,30,Radolfzeller Str.,60.0,,,Viasis,,,Litzelstetter Straße,78715,,47.69233656392019,9.148976778407066,47.692466542468566,9.148973683679726
22.10.2020,12.01.2021,Buecklestraße,,76,Schneckenburgerstr.,50.0,,,,,,Bücklestraße,77476,,47.67747251752976,9.168338335941806,47.67733758312807,9.168298376596637
22.10.2020,02.11.2020,Im Grund (Dettingen),,28,Dingelsdorfer Str.,60.0,,,,,,Im Grund,78338,,47.73487876965405,9.120882981506805,47.73496400898946,9.121033031160094
02.11.2020,24.11.2020,Bodan Straße,,19,Bahnhof,80.0,,,,,,Bodanstraße,77364,,47.658080214198016,9.173221320420648,47.65820806265448,9.173236887900252
02.11.2020,25.01.2021,Allmannsdorfer Straße,,28,Zaehringerplatz,50.0,,,,,,Allmannsdorfer Straße,77014,,47.6735630457767,9.186697080252603,47.67369194517152,9.18668449750901
02.11.2020,14.12.2020,Friedrich Straße,,65,Zaehringerplatz,50.0,,Statistik fehlt ,,,,Friedrichstraße,77889,,47.67946326347804,9.184431314150777,47.6795465,9.1845626
02.11.2020,24.11.2020,Im Grund (Dettingen),,28,Ortmitte,50.0,,,,,,Im Grund,78338,,47.73487876965405,9.120882981506805,47.73496400898946,9.121033031160094
05.11.2020,12.01.2021,Rheingutstraße,,36,HTWG,40.0,,,,,,Rheingutstraße,79275,,47.6677174790292,9.165863619181817,47.66735855085348,9.165823644103602
24.11.2020,18.02.2021,Bodanstraße,,19,Laube,50.0,,,,,,Bodanstraße,77364,,47.658080214198016,9.173221320420648,47.65820806265448,9.173236887900252
24.11.2020,23.02.2021,Reichenaustraße,,19,Spanierstrasse,40.0,,,,,,Reichenaustraße,79240,,47.67137297680365,9.16685817713224,47.6716912912142,9.166875950406816
24.11.2020,18.02.2021,Feuersteinstraße,,7,Zfp,50.0,,,keine Rohdatei,,,Feursteinstraße,77808,,47.69043327020264,9.13325907475379,47.690595869086216,9.133296771429633
30.11.2020,02.03.2021,Taborweg,,13,Pfeiferhoelzle,40.0,,,keine Rohdatei,,,Taborweg,79793,,47.68016274341405,9.169496540961882,47.68007413107302,9.169625606158132
11.12.2020,28.01.2021,Schwaketenstraße,,3,GSS,50.0,,,,,,Schwaketenstraße,79583,,47.6901017945815,9.148085832447688,47.68999110827243,9.148079333161943
14.12.2020,28.01.2021,Friedrich Straße,,65,Zaehringerplatz,50.0,,,,,,Friedrichstraße,77889,,47.67946326347804,9.184431314150777,47.6795465,9.1845626
11.01.2021,09.03.2021,Buhlenweg ,,23,Fuerstenbergstr.,40.0,,,,,,Buhlenweg,77490,,47.68595358215512,9.160345855092917,47.68586205093614,9.160392243081503
12.01.2021,10.05.2021,Rheinsteig ,,4,Laube,50.0,,,,,,Rheinsteig,79282,,47.6660743807698,9.177195788915316,47.66599238199294,9.177147266838382
12.01.2021,02.03.2021,Mainaustraße Dreherkurve,,98,Faehre,50.0,,,keine Rohdatei,,,Mainaustraße,78799,,47.6773453260536,9.198798863825331,47.67721296385649,9.198441282131038
19.01.2021,18.02.2021,Zum alten Sägewerk,,10,Einwaerts,25.0,,,Viasis,,,Am alten Sägewerk,77020,,47.688708883601365,9.145183556097464,47.688815898853946,9.145208352314528
25.01.2021,09.03.2021,Karlsruherstraße,,4,Riedstr.,30.0,,,Viasis,,,Karlsruher Straße,78484,,47.68392204876846,9.150816243511622,47.6840393301246,9.150840467696492
25.01.2021,23.03.2021,Riedstraße,,5,Wollmatinger-Bahnhof,50.0,,,,,,Riedstraße,79303,,47.68626539572591,9.148548012738065,47.68631607111137,9.148370648888964
28.01.2021,02.03.2021,Schwaketenstraße,,3,Radolfzeller Str.,50.0,,,keine Rohdatei,,,Schwaketenstraße,79583,,47.6901017945815,9.148085832447688,47.68999110827243,9.148079333161943
28.01.2021,02.03.2021,Friedrich Straße,,65,Universitaetsstr.,50.0,,,,,,Friedrichstraße,77889,,47.67946326347804,9.184431314150777,47.6795465,9.1845626
18.02.2021,09.03.2021,Bodanstraße,,19,Bahnhof,50.0,,,,,,Bodanstraße,77364,,47.658080214198016,9.173221320420648,47.65820806265448,9.173236887900252
18.02.2021,03.05.2021,Austraße,,75,Fuerstenberg,50.0,,,,,,Austraße,77203,,47.67902301930205,9.166537496064931,47.679104211115686,9.166555734239603
18.02.2021,06.04.2021,Eichbuehlstraße,,16,Ortsausgang,40.0,,,Viasis,,,Eichbühlstraße,77658,,47.68920508087879,9.1424755320526,47.68906511699342,9.142468912139105
23.02.2021,03.05.2021,Reichenaustraße,,19,Bruecke,40.0,,,Statistik erfasst Tag/Nacht nicht,,,Reichenaustraße,79240,,47.67137297680365,9.16685817713224,47.6716912912142,9.166875950406816
02.03.2021,23.03.2021,Felchengang,,19,Staader Strasse,40.0,,,,,,Felchengang,77791,,47.6809161732169,9.20827264885758,47.68094178571464,9.208568996898435
02.03.2021,23.03.2021,Staader Straße,,28,Felchengang,50.0,,,,,,Staader Straße,79709,,47.67983476574189,9.206965581393783,47.67996308515614,9.206983193862406
02.03.2021,10.05.2021,Mainaustraße Dreherkurve,,98,Stadteinwaerts,50.0,,,,,,Mainaustraße,78799,,47.6773453260536,9.198798863825331,47.67721296385649,9.198441282131038
03.03.2021,03.05.2021,Bruder-Klaus-Straße,,14,von-Emmich-Str,100.0,,,,,,Bruder-Klaus-Straße,77420,,47.67354933947976,9.172637855830128,47.67344892740524,9.172605249695224
09.03.2021,01.04.2021,Flurweg/Egg,,5,Wolfsried,30.0,,,Viasis,,,Flurweg,77833,,47.69208274097206,9.19267402038159,47.69216450703387,9.192616744810527
09.03.2021,03.05.2021,Schneckenburgstraße ,,33,Friedhof,50.0,,,,,,Schneckenburgstraße,79520,,47.677164559781296,9.172854684405412,47.67709790064129,9.172942759788368
23.03.2021,26.04.2021,Riedstraße,,19,Fuersenbergstr.,40.0,,,,,,Riedstraße,79303,,47.68516439209556,9.147957531017855,47.68524421986284,9.147820761633312
23.03.2021,14.06.2021,Untere Laube,,2,Rheinsteig,40.0,,,,,,Untere Laube,79898,,47.6655300364462,9.173712690966072,47.66544618762144,9.173822876921683
23.03.2021,31.05.2021,Radolfzellerstraße,,19,Ortsausgang,40.0,,,,,,Radolfzeller Straße,79184,,47.690377589348365,9.14681303816386,47.69045994058649,9.146848534971731
01.04.2021,26.04.2021,Flurweg/Egg,,5,Auswaerts,30.0,,,Viasis,,,Flurweg,77833,,47.69208274097206,9.19267402038159,47.69216450703387,9.192616744810527
06.04.2021,03.05.2021,Hebelstraße,,14,Eichhornstrasse,40.0,,,Viasis,,,Hebelstraße,78197,,47.669934691155255,9.193182471567557,47.67004409661738,9.193032867886394
26.04.2021,21.06.2021,Radolfzellerstraße,,65,Stadteinwaerts,50.0,,,,,,Radolfzeller Straße,79184,,47.69350977989437,9.143605650058308,47.693624947446025,9.143645220870615
26.04.2021,31.05.2021,Gartenstraße,,24,Untere Laube,40.0,,,Viasis,,,Gartenstraße,77938,,47.66563222225495,9.170431697737188,47.665554351496525,9.170423358062864
26.04.2021,21.06.2021,Friedrichstraße,,71,Universitaetsstr.,80.0,,,,,,Friedrichstraße,77889,,47.67978738589899,9.18419143612127,47.67988620910961,9.184347530583118
26.04.2021,21.06.2021,Fuerstenbergstraße,,51,Radolfzellerstr.,60.0,,,,,,Fürstenbergstraße,77910,,47.68566027904141,9.15382335277849,47.6855617076258,9.15376972183316
03.05.2021,14.06.2021,Jakobstraße ,,87,Stadion,50.0,,,,,,Jakobstraße,78428,,47.67141652601527,9.209389137816329,47.67136990510048,9.209142245764143
03.05.2021,21.06.2021,Byk-Gulden-Straße,,25,Max-Stromeyer-Str.,80.0,,,,,,Byk-Gulden-Straße,77504,,47.68268592839218,9.139818002519718,47.68284719933883,9.13987080329523
03.05.2015,14.06.2021,Reichenaustraße,,19,Stadteinwaerts,50.0,,,,,,Reichenaustraße,79240,,47.67137297680365,9.16685817713224,47.6716912912142,9.166875950406816
03.05.2021,28.06.2021,Von-Emmich-Straße,,9,Bruder-Klaus-Str.,40.0,,,,,,von-Emmich-Straße,79926,,47.67187933990376,9.177140838563442,47.67198605559048,9.177174657298687
03.05.2021,14.06.2021,Brandesstraße,,2,Haendelstr.,50.0,,,Viasis,,,Brandesstraße,77385,,47.67218725337026,9.194575551139495,47.67175000814146,9.194568696704902
10.05.2021,19.07.2021,Buhlenweg,,13,GSS,50.0,,,,,,Buhlenweg,77490,,47.68434154202348,9.15925802791954,47.6842468043315,9.15934790726834
31.05.2021,19.07.2021,Wollmatinger Straße,,89,Fuertenbergstr.,50.0,,,,,,Wollmatinger Straße,80038,,47.67865891195349,9.171345315059636,47.67878686992496,9.171383869023584
31.05.2021,28.06.2021,Litzelstetter Str,,40,Ortsausgang,50.0,,,,,,Litzelstetter Straße,78715,,47.69330108545333,9.15147324399604,47.69342624931603,9.15136429701642
31.05.2021,28.06.2021,Gartenstraße,,58,Neue Bruecke,50.0,,,Viasis,,,Gartenstraße,77938,,47.66595182516236,9.167249420172416,47.66587610867701,9.167236940139995
31.05.2021,21.06.2021,Schwaketenstraße,,104,Universitaetsstr.,80.0,,,,,,Schwaketenstraße,79583,,47.68768384992941,9.159885035250998,47.68783933784897,9.15990844717216
14.06.2021,09.08.2021,Mainaustr,,148,Faehre,40.0,,,,,,Mainaustraße,78799,,47.68141138014823,9.202455576241434,47.68150224402573,9.202231565711656
14.06.2021,19.07.2021,Zeppelinstraße,,8,Hebelstr,50.0,,,Viasis,,,Zeppelinstraße,80066,,47.67135198880979,9.19228478729632,47.6714673112466,9.19230961471329
14.06.2021,17.08.2021,Am Pfeiferhölzle,,15,Stockackerweg,80.0,,,,,,Am Pfeiferhölzle,77101,,47.682721370794845,9.175218090091285,47.68244019211192,9.175267642740334
14.06.2021,19.07.2021,Jakobstraße ,,87,Lindauerstr.,50.0,,,,,,Jakobstraße,78428,,47.67141652601527,9.209389137816329,47.67136990510048,9.209142245764143
21.06.2021,17.08.2021,Kindlebildstraße,,28,Radolfzellerstr.,100.0,,,,,,Kindlebildstraße,78512,,47.691859488907205,9.14086959216331,47.6918589,9.1423292
21.06.2021,09.08.2021,Friedrichstraße,,71,Zaehringerplatz,50.0,,Blindmessung seit 05.08.21,,,,Friedrichstraße,77889,,47.67978738589899,9.18419143612127,47.67988620910961,9.184347530583118
21.06.2021,17.08.2021,Fuerstenbergstraße,,51,Buhlenweg,100.0,,,,,,Fürstenbergstraße,77910,,47.68566027904141,9.15382335277849,47.6855617076258,9.15376972183316
21.06.2021,09.08.2021,Byk-Gulden-Straße,,25,Stadtauswaerts,100.0,,,,,,Byk-Gulden-Straße,77504,,47.68268592839218,9.139818002519718,47.68284719933883,9.13987080329523
21.06.2021,17.08.2021,Stifterstraße ,,8,Radolfzellerstr.,50.0,,,,,,Stifterstraße,79765,,47.6888719805078,9.149827353286891,47.68895748831429,9.14984618143894
28.06.2021,23.08.2021,Am Briel,,56,Bismarksteig,40.0,,,,,,Am Briel,77077,,47.67675039696618,9.174695569472732,47.676584605259045,9.174617112007068
28.06.2021,19.07.2021,Am Pfeiferhölzle,,2,Universitaetsstr.,50.0,,Statistik Komplett,Viasis,,,Am Pfeiferhölzle,77101,,47.68302690664336,9.178040518016294,47.68288886931228,9.178167503777145
28.06.2021,28.09.2021,H.-von-Vicari-Straße,,19,Jakobstr.,50.0,,,,,,Hermann-von-Vicari-Straße,78225,,47.67358193191733,9.201540855093054,47.67343877377024,9.201537866405223
19.07.2021,31.08.2021,Buhlenweg,,13,Fuerstenberg,50.0,,,,,,Buhlenweg,77490,,47.68434154202348,9.15925802791954,47.6842468043315,9.15934790726834
19.07.2021,13.09.2021,Wollmatinger Straße,,89,Stadteinwaerts,100.0,,,,,,Wollmatinger Straße,80038,,47.67865891195349,9.171345315059636,47.67878686992496,9.171383869023584
19.07.2021,13.09.2021,Brueelstraße ,,20,Feldstr. ,50.0,,,,,,Brüelstraße,77441,,47.66408624845015,9.166127561339826,47.663943783180784,9.16597058105774
19.07.2021,16.08.2021,Am Pfeiferhölzle,,2,Friedhof,50.0,,,Viasis,,,Am Pfeiferhölzle,77101,,47.68302690664336,9.178040518016294,47.68288886931228,9.178167503777145
19.07.2021,16.08.2021,Beethofenstraße,,17,Mainaustr.,50.0,,,Viasis,,,Beethovenstraße,77252,,47.67089788073102,9.192227303675182,47.67072833752713,9.192263805435594
09.08.2021,28.09.2021,Eichhornstraße,,56,Hoernle,80.0,,,,,,Eichhornstraße,77672,,47.666476176354,9.198647166322798,47.667047096365366,9.198814681775184
16.08.2021,04.10.2021,Blumenstraße,,13,Holdersteig ,40.0,,,Viasis,,,Blumenstraße,77350,,47.7150926421572,9.174384116311346,47.71525663842663,9.17483065856913
16.08.2021,28.09.2021,Kreuzlingerstraße,,7,Schnetztor,20.0,,,Viasis,,,Kreuzlinger Straße,78624,,47.65794969652782,9.170915170385433,47.6579448928133,9.17079254465475
17.08.2021,13.09.2021,Am Pfeiferhölzle,,15,Taborweg,50.0,,,,,,Am Pfeiferhölzle,77101,,47.682721370794845,9.175218090091285,47.68244019211192,9.175267642740334
17.08.2021,11.10.2021,Kindlebildstraße,,28,Reichenau,50.0,,,,,,Kindlebildstraße,78512,,47.691859488907205,9.14086959216331,47.6918589,9.1423292
17.08.2021,04.10.2021,Winkelstraße,,3,Fuerstenbergstr.,30.0,,,,,,Winkelstraße,80010,,47.68263428616895,9.157457405907817,47.68271546566867,9.157390532401482
17.08.2021,04.10.2021,Stifterstraße ,,8,Gabelsbergerstr. ,50.0,,,,,,Stifterstraße,79765,,47.6888719805078,9.149827353286891,47.68895748831429,9.14984618143894
23.08.2021,02.11.2021,Konzilstraße,,1,Sternenplatz,50.0,,,,,,Konzilstraße,78603,,47.66190384467959,9.177197525166129,47.6618402,9.1774011
31.08.2021,18.10.2021,Breslauer Straße,,16,Riedstr.,50.0,,,,,,Breslauer Straße,77399,,47.68493918791009,9.150853819609075,47.6851804928014,9.150923560907144
13.09.2021,02.11.2021,Schwaketenstraße,,3,Radolfzellerstr.,50.0,,,Statistik erfasst Tag/Nacht nicht,,,Schwaketenstraße,79583,,47.6901017945815,9.148085832447688,47.68999110827243,9.148079333161943
13.09.2021,08.11.2021,Untere Laube,,26,Rheinsteig,50.0,,,,,,Untere Laube,79898,,47.66300701184407,9.17208324926022,47.66279166695149,9.172572117858897
13.09.2021,18.10.2021,Fritz-Arnold-Straße,,12,Robert-Bosch-Strasse,50.0,,,,,,Fritz-Arnold-Straße,77896,,47.67462036923318,9.146825053710993,47.674744844452285,9.146967311104252
28.09.2021,18.10.2021,Mannheimer Straße,,2,Muehlenweg,40.0,,,Viasis,,,Mannheimer Straße,78249,,47.68516429924334,9.144571573903526,47.68497217099973,9.144508484951086
28.09.2021,21.10.2021,Eichhornstraße,,56,Mainaustr.,50.0,,11.10. Daten gezogen,,,,Eichhornstraße,77672,,47.666476176354,9.198647166322798,47.667047096365366,9.198814681775184
28.09.2021,11.10.2021,H.-von-Vicari-Straße,,19,Mainaustr.,50.0,,Blindmessung,,,,Hermann-von-Vicari-Straße,78225,,47.67358193191733,9.201540855093054,47.67343877377024,9.201537866405223
04.10.2021,18.10.2021,Blumenstraße,,13,Grossherzog-Friedrich-Strasse,50.0,,,Viasis,,,Blumenstraße,77350,,47.7150926421572,9.174384116311346,47.71525663842663,9.17483065856913
04.10.2021,15.11.2021,Schiffstraße,,20,Faehre,80.0,,,,,,Schiffstraße,79499,,47.68251659655355,9.206128109755882,47.68270726794879,9.206153623497228
04.10.2021,04.10.2021,Markgrafenstraße,,30,Gottmannplatz,50.0,,,,,,Markgrafenstraße,78834,,47.67187929267058,9.174706887621044,47.67176960900469,9.174670825927402
11.10.2021,06.12.2021,Max-Stromeyer-Straße,,13,Gottmannplatz,100.0,,,,,,Max-Stromeyer-Straße,78862,,47.6743480673774,9.165803631762763,47.674540015564105,9.16585802552332
11.10.2021,15.11.2021,Hermann-von-Vicari-Straße,,19,Mainaustr.,50.0,,,,,,Hermann-von-Vicari-Straße,78225,,47.67358193191733,9.201540855093054,47.67343877377024,9.201537866405223
11.10.2021,06.12.2021,Radolfzeller Straße,,27,Ortsausgang,50.0,,,,,,Radolfzeller Straße,79184,,47.69166403599115,9.145857545973824,47.69164940388858,9.14600804760028
11.10.2021,06.12.2021,Markgrafenstraße,,17,Gottmannplatz,50.0,,,,,,Markgrafenstraße,78834,,47.67142428568309,9.175351051088445,47.671537725217306,9.175387746151424
18.10.2021,06.12.2021,Breslauer Straße,,16,Hardtstr.,50.0,,,,,,Breslauer Straße,77399,,47.68493918791009,9.150853819609075,47.6851804928014,9.150923560907144
18.10.2021,06.12.2021,Fritz-Arnold-Straße,,6,Stromeyersdorf,50.0,,,,,,Fritz-Arnold-Straße,77896,,47.675469741005166,9.145775374371484,47.67561983191428,9.145858254956746
18.10.2021,08.11.2021,Steinrennen,,6,Bettweisen,30.0,,,Viasis,,,Steinrennen,79738,,47.73770243746845,9.154119025673076,47.73781248903735,9.1542718791926
18.10.2021,08.11.2021,Hofhalde,,4,Wessenbergstr.,30.0,,,Viasis,,,Hofhalde,78267,,47.66235887692731,9.176661111960724,47.662312979608885,9.176641341752177
25.10.2020,06.12.2021,Im Grund (Dettingen),,28,Ortsmitte,50.0,,,,,,Im Grund,78338,,47.73487876965405,9.120882981506805,47.73496400898946,9.121033031160094
02.11.2021,20.12.2021,Schwaketenstraße,,3,Uni ,50.0,,,Statistik erfasst Tag/Nacht nicht,,,Schwaketenstraße,79583,,47.6901017945815,9.148085832447688,47.68999110827243,9.148079333161943
08.11.2021,29.11.2021,Steinrennen,,4,Thingoltstr.,20.0,,,Viasis,,,Steinrennen,79738,,47.73824720285257,9.153745960295288,47.73834817145486,9.153886198243509
08.11.2021,29.11.2021,Hofhalde,,4,Konzilstrasse,30.0,,,Viasis,,,Hofhalde,78267,,47.66235887692731,9.176661111960724,47.662312979608885,9.176641341752177
15.11.2021,16.12.2021,Schiffstraße,,20,Mainaustr.,50.0,,,,,,Schiffstraße,79499,,47.68251659655355,9.206128109755882,47.68270726794879,9.206153623497228
29.11.2021,24.01.2022,Clara-Schumann-Straße,,3,Wendeplatte,40.0,,,Viasis,,,Clara-Schumann-Straße,77521,,47.667946073846885,9.197430464741217,47.6678914417452,9.197505549028673
29.11.2021,24.01.2022,Stockackerweg,,15,Friedrichstr.,50.0,,,Viasis,,,Stockackerweg,79772,,47.67969202369579,9.183114971306376,47.67979901824603,9.183178768163666
06.12.2021,07.12.2021,Max-Stromeyer-Straße,,15,Stadtauswaerts,50.0,,,/,,,Max-Stromeyer-Straße,78862,,47.67446092492536,9.165473735788993,47.67463491663747,9.165523012874363
02.11.2021,20.12.2021,Schwaketenstraße,,3,Uni ,50.0,,04.01.22 Neuer Text,Statistik erfasst Tag/Nacht nicht,,,Schwaketenstraße,79583,,47.6901017945815,9.148085832447688,47.68999110827243,9.148079333161943
06.12.2021,04.01.2022,Gustav-Schwab-Straße,,10,Moltkestrasse,50.0,,,,,,Gustav-Schwab-Straße,78078,,47.6728520581901,9.178028287325736,47.67268718245506,9.177947389044874
06.12.2021,14.12.2021,Sonnenbuehlstraße,,89,Friedrichstr.,50.0,,,,,,Sonnenbühlstraße,79674,,47.67742869623382,9.195258113008682,47.67726303327788,9.19514550145772
06.12.2021,24.01.2022,Mainaustraße,,74,Allmannsdorferstr.,50.0,,04.01.22 Neuer Text,,,,Mainaustraße,78799,,47.67375640420829,9.196400085445326,47.67390833135424,9.196333847312491
06.12.2022,16.02.2022,Radolfzeller Straße,,47,Fuerstenberg,50.0,,01.02.22 neuer text,,,,Radolfzeller Straße,79184,,47.69296857485266,9.144747466612218,47.693103924482735,9.144871979425517
14.12.2021,20.12.2021,Sonnenbuehlstraße,,89,Friedrichstr.,50.0,,ab ca. 13.12.2021 30er-Zone,,,,Sonnenbühlstraße,79674,,47.67742869623382,9.195258113008682,47.67726303327788,9.19514550145772
16.12.2021,01.02.2022,Alten Graben ,,7,Wendeplatz,50.0,,05.01.22 Neuer Text,,,,Alten Graben,77042,,47.6611278290164,9.163726944923608,47.66123565925213,9.163786665843851
20.12.2021,16.02.2022,Sonnenbuehlstraße,,12,Mainaustr.,50.0,,04.01.22 Neuer Text,,,,Sonnenbühlstraße,79674,,47.67983965029186,9.186427555547814,47.679978570657966,9.18646391211746
20.12.2021,02.03.2022,Austraße,,83,Cherisy,50.0,,04.01.22 Neuer Text,,,,Austraße,77203,,47.67922034858062,9.1656605211619,47.67930122264343,9.165678687959982
10.01.2022,16.03.2022,Mainaustraße,,147,Staad,,,Messung reicht in den 50 km/h Bereich hinein,,,,Mainaustraße,78799,,47.681764553855416,9.202141299330178,47.68169605238244,9.202310178885774
19.01.2022,19.04.2022,Fritz-Arnold-Straße,,19,Gottlieb-Daimler-Strasse,70.0,,Messung reicht in den 50 km/h Bereich hinein,Messung von Handy geschluckt ,,,Fritz-Arnold-Straße,77896,,47.67328206967338,9.14821009141823,47.67315746869196,9.148006844625057
21.01.2022,29.03.2022,Feuersteinstraße,,7,ZfP,50.0,,ohne Solarpanel installiert!!!,,,,Feursteinstraße,77808,,47.69043327020264,9.13325907475379,47.690595869086216,9.133296771429633
24.01.2022,24.05.2022,Mainaustraße,,90,Staad ,80.0,,Messung reicht in den 50 km/h Bereich hinein,Statistik der Baustelle wird nicht benoetigt ,,,Mainaustraße,78799,,47.67666162775284,9.198829440117796,47.67664605715552,9.198647415701307
24.01.2022,30.03.2022,Siedlerweg,,9,Sackgasse,50.0,,,Viasis,,,Siedlerweg,79639,,47.69245228066022,9.191056596114416,47.69252342860271,9.191103661212098
24.01.2022,30.03.2022,Stockackerweg,,15,Pfeiferhoelzle,100.0,,,Viasis,,,Stockackerweg,79772,,47.67969202369579,9.183114971306376,47.67979901824603,9.183178768163666
01.02.2022,16.03.2022,Martin-Schleyer-Straße,,30,Dingelsdorf ,100.0,,,,,,Martin-Schleyer-Straße,78855,,47.714639461946064,9.172578079897724,47.71457999687829,9.172505077564
01.02.2022,21.04.2022,Fuerstenbergstraße,,114,Wollmatinger Str.,80.0,,Messung evtl nicht korrekt da Kurvenbereich,,,,Fürstenbergstraße,77910,,47.68162470333343,9.159701305026775,47.68175015917153,9.159759625038
16.02.2022,19.04.2022,Stifterstraße ,,8,Gabelsbergerstr. ,50.0,,,,,,Stifterstraße,79765,,47.6888719805078,9.149827353286891,47.68895748831429,9.14984618143894
16.02.2022,02.05.2022,Eichhornstraße,,10,Hoernle,50.0,,,,,,Eichhornstraße,77672,,47.66940095318784,9.189673146312746,47.6695673325974,9.189712928390668
02.03.2022,16.05.2022,Schulthaissstraße,,2,Grenzbachstrasse,50.0,,,18 Tage fehlen. Ruecksprache mit ElanC.,,,Schulthaißstraße,79576,,47.66135990443596,9.166213341551517,47.66131138868661,9.166401811580474
02.03.2022,02.05.2022,Reichenaustraße,,19,Europabruecke,50.0,,,Statistik erfasst Tag/Nacht nicht,,,Reichenaustraße,79240,,47.67158073486065,9.166857507244115,47.67169197419789,9.16686371835872
16.03.2022,09.05.2022,Martin-Schleyer-Straße,,5,Ortsausgang,50.0,,gedreht in FR. Ortsausgang  durch Ortsverwaltung nach Beschwerde von Herr Grabow,,,,Martin-Schleyer-Straße,78855,,47.7109825500816,9.172518013692969,47.71088907782055,9.172768362476075
16.03.2022,09.05.2022,Martin-Schleyer-Straße,,30,Ortskern,50.0,,,,,,Martin-Schleyer-Straße,78855,,47.714639461946064,9.172578079897724,47.71457999687829,9.172505077564
29.03.2022,02.05.2022,Feuersteinstraße,,7,Kindlebildstrasse,100.0,,,Bis hier alles gruene in OD,,,Feursteinstraße,77808,,47.69043327020264,9.13325907475379,47.690595869086216,9.133296771429633
30.03.2022,21.04.2022,Flurweg/Egg,,5,Siedlerweg,50.0,,,Viasis,,,Flurweg,77833,,47.69208274097206,9.19267402038159,47.69216450703387,9.192616744810527
19.04.2022,07.06.2022,Fritz-Arnold-Straße,,19,,50.0,,,Statistik erfasst Tag/Nacht nicht,,,Fritz-Arnold-Straße,77896,,47.67328206967338,9.14821009141823,47.67315746869196,9.148006844625057
19.04.2022,07.06.2022,Stifterstraße ,,8,Radolfzellerstr.,50.0,,,,,,Stifterstraße,79765,,47.6888719805078,9.149827353286891,47.68895748831429,9.14984618143894
21.04.2022,24.05.2022,Thomas-Sättele-Straße,,20,,40.0,,,Viasis,,,Thomas-Sättele-Straße,79831,,47.69108596415736,9.149263596322204,47.69146944889422,9.149343367259496
21.04.2022,11.07.2022,Markgrafenstraße,,34,Ebertplatz,30.0,,,22  Tage fehlen. Ruecksprache mit ElanC.,,,Markgrafenstraße,78834,,47.67194709136937,9.174499299983834,47.67183781540425,9.174463372333674
25.04.2022,04.07.2022,Mainaustraße,,22,Eichhornstrasse,50.0,,,11 Tage fehlen. Ruecksprache mit ElanC.,,,Mainaustraße,78799,,47.66867852739226,9.183193799364616,47.668901808620014,9.183117692451424
25.04.2022,27.06.2022,Sonnenbuehlstraße,,18,Mainaustr.,50.0,,,,,,Sonnenbühlstraße,79674,,47.67956586535831,9.187357482337616,47.67976060085632,9.187402182372178
02.05.2022,18.07.2022,Eichhornstraße,,10,Mainaustr.,50.0,,,17 Tage fehlen. Ruecksprache mit ElanC.,,,Eichhornstraße,77672,,47.66940095318784,9.189673146312746,47.6695673325974,9.189712928390668
02.05.2022,18.07.2022,Reutestraße,,54,Hardtstr.,50.0,,,Statistik durch leeren Akku geteilt,,,Reutestraße,79261,,47.681691551217845,9.15424591129636,47.68184310122441,9.154306309197883
02.05.2022,11.07.2022,Friedrichstraße,,35,Uni,50.0,,,11 Tage fehlen. Ruecksprache mit ElanC.,,,Friedrichstraße,77889,,47.677638267609815,9.1850415976335,47.677577314801454,9.185163827899
09.05.2022,11.07.2022,Byk-Gulden-Straße,,25,Riedstr.,50.0,,,,,,Byk-Gulden-Straße,77504,,47.68268592839218,9.139818002519718,47.68284719933883,9.13987080329523
09.05.2022,19.07.2022,Litzelstetter Str,,36,Radolfzellerstr.,100.0,,,,,,Litzelstetter Straße,78715,,47.69278824960261,9.150902974902449,47.69295984282746,9.150784796499796
16.05.2022,04.07.2022,Danzigerstraße,,7,Stockackerweg,50.0,,,,,,Danziger Straße,77560,,47.6819705101108,9.181756572727162,47.68182396393031,9.181779350982026
24.05.2022,25.07.2022,Mannheimerstraße,,9,Wendeplatte,40.0,,,Viasis,,,Mannheimer Straße,78249,,47.68551078676142,9.143650850992795,47.68558868236078,9.143674971670194
24.05.2022,19.07.2022,Untere Laube,,30,Rheinsteig,50.0,,,,,,Untere Laube,79898,,47.66252813552237,9.172334736662837,47.66248289257716,9.17243609321314
07.06.2022,01.08.2022,Lindauerstraße,,10,Jakobstr.,50.0,,,,,,Lindauer Straße,78708,,47.67888856819546,9.20796067773058,47.67887064605841,9.208119241629962
07.06.2022,25.07.2022,Kindlebildstraße,,46,Engelsteig,50.0,,,,,,Kindlebildstraße,78512,,47.69064661431405,9.136087830016848,47.69055689067488,9.136136387998922
07.06.2022,18.07.2022,Cherisy,,21,Pflegeheim,40.0,,,Viasis,,,Cherisy-Straße,77514,,47.68000762639361,9.160997272276829,47.680137604822,9.161040741292314
27.06.2022,15.08.2022,Jacob-Burckhardt-Straße,,16,Sonnenbuehlstr.,100.0,,,,,,Jacob-Burckhardt-Straße,78414,,47.68116304767282,9.187246351497803,47.68137632918513,9.18728652778268
04.07.2022,01.08.2022,Danzigerstraße,,7,Friedrichstr.,50.0,,,,,,Danziger Straße,77560,,47.6819705101108,9.181756572727162,47.68182396393031,9.181779350982026
04.07.2022,29.08.2022,Mainaustraße,,22,Sternenplatz,50.0,,,,,,Mainaustraße,78799,,47.66867852739226,9.183193799364616,47.668901808620014,9.183117692451424
11.07.2022,04.01.2022,Markgrafenstraße,,34,Schneckenburgstr.,50.0,,,ca.30 Tage fehlen.Ruecksprache mit ElanC.,,,Markgrafenstraße,78834,,47.67194709136937,9.174499299983834,47.67183781540425,9.174463372333674
11.07.2022,29.08.2022,Wollmatingerstraße,,43,Zaehringerplatz,100.0,,,,,,Wollmatinger Straße,80038,,47.67663219705732,9.176849305740916,47.67680919657132,9.17691629092158
11.07.2022,29.08.2022,Byk-Gulden-Straße,,25,Stadauswaerts,100.0,,,,,,Byk-Gulden-Straße,77504,,47.68268592839218,9.139818002519718,47.68284719933883,9.13987080329523
18.07.2022,05.09.2022,MainaustraßeEgg,,205,Mainaustr.,50.0,,,,,,Mainaustraße,78799,,47.69301441188191,9.192804056512657,47.69317945841006,9.192920595358745
18.07.2022,05.09.2022,Reutestraße,,54,Cherisy,50.0,,,,,,Reutestraße,79261,,47.681691551217845,9.15424591129636,47.68184310122441,9.154306309197883
18.07.2022,29.08.2022,Blumenstraße,,15,Rathaus,50.0,,,Viasis ,,,Blumenstraße,77350,,47.71547012806074,9.174538699471649,47.715539237611424,9.174726868526268
19.07.2022,10.10.2022,Untere Laube,,2,Rheinsteig,50.0,,Ohne Solarpanel installiert!!!,,,,Untere Laube,79898,,47.6655300364462,9.173712690966072,47.66544618762144,9.173822876921683
19.07.2022,05.09.2022,Schwaketenstraße,,66,Universiaet,50.0,,,,,,Schwaketenstraße,79583,,47.68843746591687,9.155321054202057,47.68876121909437,9.155400770184707
25.07.2022,06.09.2022,Mannheimerstr-,,9,Brandenburgerstr.,40.0,,,Viasis ,,,Mannheimer Straße,78249,,47.68551078676142,9.143650850992795,47.68558868236078,9.143674971670194
25.07.2022,29.08.2022,Kindlebidstraße,,49,Feursteinstr.,100.0,,,,,,Kindlebildstraße,78512,,47.69133158954558,9.138658130519342,47.69154302601434,9.13863818540892
01.08.2022,05.09.2022,Lindauerstraße,,30,Faehre,50.0,,,,,,Lindauer Straße,78708,,47.67672035795934,9.207830693108775,47.67674865138589,9.208149348868568
15.08.2022,06.09.2022,Jacob-Burckhardt-Straße,,23,Friedrichstr.,50.0,,,,,,Jacob-Burckhardt-Straße,78414,,47.68141317399362,9.187637767557288,47.68131368105249,9.18761901741526
29.08.2022,26.09.2022,Kapitän-Romer-Straße,,22,Langenrainerstr.,50.0,,,,,,Kapitän-Romer-Straße,78473,,47.73680189263064,9.11655833881157,47.736773494734514,9.11648761317061
29.08.2022,26.09.2022,Wollmatingerstraße,,43,Friedhof,50.0,,,,,,Wollmatinger Straße,80038,,47.67663219705732,9.176849305740916,47.67680919657132,9.17691629092158
29.08.2022,26.09.2022,Fuerstenbergstraße,,32,Radolfzellerstr.,50.0,,,,,,Fürstenbergstraße,77910,,47.6864311628428,9.151416442745385,47.68655327804412,9.151479920914356
29.08.2022,25.10.2022,Radolfzellerstraße,,65,Engelsteig,50.0,,,,,,Radolfzeller Straße,79184,,47.69350977989437,9.143605650058308,47.693624947446025,9.143645220870615
29.08.2022,04.10.2022,Blumenstraße,,15,Holdersteig ,50.0,,,Viasis,,,Blumenstraße,77350,,47.71547012806074,9.174538699471649,47.715539237611424,9.174726868526268
05.09.2022,28.11.2022,Schwaketenstraße,,3,Radolfzellerstr.,50.0,,,,,,Schwaketenstraße,79583,,47.6901017945815,9.148085832447688,47.68999110827243,9.148079333161943
05.09.2022,26.09.2022,Mainaustraße,,130,Faehre,50.0,,,,,,Mainaustraße,78799,,47.67974799611485,9.201677849778934,47.67985683522508,9.201479916167488
05.09.2022,28.11.2022,Breslauer Straße,,16,Riedstr.,50.0,,,,,,Breslauer Straße,77399,,47.68493918791009,9.150853819609075,47.6851804928014,9.150923560907144
05.09.2022,26.09.2022,Mainaustraße,,50,Faehre,50.0,,,,,,Mainaustraße,78799,,47.67135825029529,9.190689456634525,47.67157142770689,9.190589252656332
06.09.2022,14.11.2022,Steinstraße,,20,Zaehringerplatz,50.0,,Ohne Solarpanel ,,,,Steinstraße,79744,,47.67513457820548,9.176584062544276,47.67490847775374,9.176495076171904
06.09.2022,14.11.2022,Sonnentauweg,,23,Buhlenweg,50.0,,,Viasis,,,Sonnentauweg,79688,,47.68297712823717,9.167538337337058,47.68308489379431,9.167577318269368
26.09.2022,10.10.2022,Kapitän-Romer-Straße,,22,Ortsmitte,50.0,,,,,,Kapitän-Romer-Straße,78473,,47.73680189263064,9.11655833881157,47.736773494734514,9.11648761317061
26.09.2022,10.10.2022,Wollmatingerstraße,,43,Zaehringerplatz,50.0,,,,,,Wollmatinger Straße,80038,,47.67663219705732,9.176849305740916,47.67680919657132,9.17691629092158
26.09.2022,10.10.2022,Fuerstenbergstraße,,32,Hardtstrasse,50.0,,,,,,Fürstenbergstraße,77910,,47.6864311628428,9.151416442745385,47.68655327804412,9.151479920914356
26.09.2022,10.10.2022,Mainaustraße,,130,Stadteinwaerts,50.0,,,,,,Mainaustraße,78799,,47.67974799611485,9.201677849778934,47.67985683522508,9.201479916167488
26.09.2022,10.10.2022,Mainaustraße,,50,Stadteinwaerts,50.0,,,,,,Mainaustraße,78799,,47.67135825029529,9.190689456634525,47.67157142770689,9.190589252656332
04.10.2022,12.12.2022,Kindlebildstraße,,54,Reichenau,50.0,,,,,,Kindlebildstraße,78512,,47.68984544999728,9.13441786869095,47.68971567358228,9.134479935672038
04.10.2022,14.11.2022,Otto-Raggenbass-Straße,,5,Zoll,30.0,,,Viasis,,,Otto-Raggenbass-Straße,79107,,47.6562179642257,9.174698054141302,47.65635623843271,9.17466256733566
04.10.2022,05.12.2022,Taborweg,,13,Pfeiferhoelzle,50.0,,,,,,Taborweg,79793,,47.68016274341405,9.169496540961882,47.68007413107302,9.169625606158132
10.10.2022,12.12.2022,Friedrichstraße,,73,Uni,50.0,,,,,,Friedrichstraße,77889,,47.67983693496297,9.184152972619543,47.67993896433411,9.184314131315777
10.10.2022,13.12.2022,Buhlenweg,,1,Fuerstenbergstr.,50.0,,,,,,Buhlenweg,77490,,47.68336183851027,9.158177642327184,47.683304191573065,9.158223444557096
10.10.2022,19.12.2022,Wollmatingerstraße,,165,Fuerstenbergstr.,50.0,,,,,,Wollmatinger Straße,80038,,47.67992761510838,9.165440391943608,47.68005143031872,9.165466639832864
10.10.2022,14.12.2022,Allmannsdorfer Straße,,28,Mainaustr.,50.0,,,,,,Allmannsdorfer Straße,77014,,47.6735630457767,9.186697080252603,47.67369194517152,9.18668449750901
10.10.2022,19.12.2022,Rheingutstraße,,27,Bruecke,50.0,,,,,,Rheingutstraße,79275,,47.66704661902126,9.167652389030565,47.66714296905358,9.16766339086472
25.10.2022,21.11.2022,Zeller Straße (Dettingen),,15,Langenrainer Strasse,100.0,,,,,,Zellerstraße,80062,,47.737877000728766,9.11010477775562,47.738001459530686,9.110071406535988
14.11.2022,16.01.2023,Steinstraße,,20,Schneckenburgstr.,50.0,,,,,,Steinstraße,79744,,47.67513457820548,9.176584062544276,47.67490847775374,9.176495076171904
14.11.2022,16.01.2023,Karlsruherstraße,,23,Hardstr.,50.0,,,Viasis,,,Karlsruher Straße,78484,,47.68437948351662,9.149722815468492,47.68427730794821,9.14970142488376
14.11.2022,13.12.2022,Sonnentauweg,,52,Taborweg,30.0,,,Viasis,,,Sonnentauweg,79688,,47.684842652007376,9.16553174996917,47.68468540726237,9.1654481159717
21.11.2022,23.01.2023,Torkelbergstraße,,11,Alte Torkelbergstr.,50.0,,,,,,Torkelbergstraße,79849,,47.711148839243165,9.171368596623068,47.7112613239986,9.17137985707782
28.11.2022,23.01.2023,Schwaketenstraße,,3,Uni,50.0,,,,,,Schwaketenstraße,79583,,47.6901017945815,9.148085832447688,47.68999110827243,9.148079333161943
28.11.2022,23.01.2023,Breslauer Straße,,16,Hardtstrasse,50.0,,,,,,Breslauer Straße,77399,,47.68493918791009,9.150853819609075,47.6851804928014,9.150923560907144
12.12.2022,30.01.2023,Benedikt-Bauer-Straße,,17,Schwaketenstr.,50.0,,,,,,Benedikt-Bauer-Straße,77254,,47.69092492089187,9.150079768525558,47.69100400190642,9.150241658279262
12.12.2022,30.01.2023,Kindlebilstraße,,52,Wollmatingen,50.0,,,,,,Kindlebildstraße,78512,,47.69005401182977,9.13449836067146,47.68979294457844,9.134638465838226
13.12.2022,30.01.2023,Buhlenweg,,13,Schwaketenstr.,50.0,,,,,,Buhlenweg,77490,,47.68434154202348,9.15925802791954,47.6842468043315,9.15934790726834
13.12.2022,06.02.2023,Zeppelinstraße,,6,Mainaustr.,50.0,,,,,,Zeppelinstraße,80066,,47.671424527436336,9.191952155132732,47.67153876031272,9.191978443582816
14.12.2022,06.02.2023,Allmannsdorfer Straße,,28,Zaehringerplatz,50.0,,,,,,Allmannsdorfer Straße,77014,,47.6735630457767,9.186697080252603,47.67369194517152,9.18668449750901
14.12.2022,06.02.2023,Buecklestraße,,84,Schneckenburgstr.,50.0,,,,,,Bücklestraße,77476,,47.6780871867057,9.166214900071012,47.6779829815458,9.16618275542846
19.12.2022,13.02.2023,Am Pfeiferhölzle,,18,Stockackerweg,50.0,,,,,,Am Pfeiferhölzle,77101,,47.68251298641451,9.173737351857357,47.6826545732775,9.17376542155614
19.12.2022,13.02.2023,Mainaustraße,,148,Dreherkurve,50.0,,,,,,Mainaustraße,78799,,47.68141138014823,9.202455576241434,47.68150224402573,9.202231565711656
19.12.2022,13.02.2023,Rheingutstraße,,33,HTWG,50.0,,,,,,Rheingutstraße,79275,,47.66722809889295,9.165922009692714,47.667346131454096,9.165935155389215
16.01.2023,13.03.2023,Bodanstraße,,21,Lago,50.0,,,,,,Bodanstraße,77364,,47.65809851099117,9.173021612708942,47.65823229212101,9.173037902581092
23.01.2023,13.03.2023,Torkelbergstraße,,7,Martin-Schleyer-Str.,50.0,,,,,,Torkelbergstraße,79849,,47.711115588590665,9.171702572087153,47.711227892695405,9.171713814457595
23.01.2023,20.03.2023,Schwaketenstraße,,110,Uni,50.0,,,,,,Schwaketenstraße,79583,,47.68760694400213,9.163948778038977,47.6878358,9.1616193
23.01.2023,20.03.2023,Riedstraße,,19,Fuerstenberg,50.0,,,,,,Riedstraße,79303,,47.68516439209556,9.147957531017855,47.68524421986284,9.147820761633312
30.01.2023,20.03.2023,Benedikt-Bauer-Straße,,17,Litzelstetterstr.,50.0,,,,,,Benedikt-Bauer-Straße,77254,,47.69092492089187,9.150079768525558,47.69100400190642,9.150241658279262
30.01.2023,03.04.2023,Sonnenbuehlstraße,,32,Mainaustr.,50.0,,,,,,Sonnenbühlstraße,79674,,47.678566269084186,9.189574330006309,47.67920099008786,9.189728787328317
30.01.2023,03.04.2023,Jakobstraße,,27,Staaderstr.,50.0,,,,,,Jakobstraße,78428,,47.67782165206866,9.20509401251786,47.677671468063146,9.20493999256364
06.02.2023,07.03.2023,Zeppelinstraße,,6,Brandestrasse,50.0,,,,,,Zeppelinstraße,80066,,47.671424527436336,9.191952155132732,47.67153876031272,9.191978443582816
06.02.2023,27.03.2023,Hermann-von-Vicari-Straße,,11,Jakobstr.,50.0,,,,,,Hermann-von-Vicari-Straße,78225,,47.67407525365957,9.199701128447291,47.67395234386456,9.199621670434988
06.02.2023,27.03.2023,Buecklestraße,,70,Elberfeld,50.0,,,,,,Bücklestraße,77476,,47.67700703536224,9.16988573497065,47.6768788292932,9.169847774986634
13.02.2023,03.04.2023,Jakobstraße,,81,Hoernle,50.0,,,,,,Jakobstraße,78428,,47.67203704850817,9.20897212813301,47.6718363,9.2088266
13.02.2023,27.04.2023,Gottlieber Straße,,1,Paradies,50.0,,,,,,Gottlieber Straße,78015,,47.66161666653368,9.17016423925495,47.66173871634594,9.170198606060149
13.02.2023,03.04.2023,Mainaustraße,,148,Faehre,50.0,,,,,,Mainaustraße,78799,,47.68141138014823,9.202455576241434,47.68150224402573,9.202231565711656
07.03.2023,08.04.2023,Eichbuehlstraße,,10,Ortsausgang,50.0,,,,,,Eichbühlstraße,77658,,47.68940343225391,9.14345245712345,47.68919849011761,9.143435860850293
07.03.2023,17.04.2023,W.-Graf-Platz,,4,Faehre,30.0,,,,,,William-Graf-Platz,80003,,47.68140443869696,9.211247401807874,47.681525530440176,9.211267348112532
13.03.2023,15.05.2023,Am Briel,,40,Schneckenburgstr.,50.0,,,,,,Am Briel,77077,,47.67612330252856,9.176722488213624,47.67599187587985,9.176721072486709
13.03.2023,15.05.2023,Bodanstraße,,21,Doebele,50.0,,,,,,Bodanstraße,77364,,47.65809851099117,9.173021612708942,47.65823229212101,9.173037902581092
20.03.2023,15.05.2023,Schwaketenstraße,,110,Buhlenweg,50.0,,,,,,Schwaketenstraße,79583,,47.68760694400213,9.163948778038977,47.6878358,9.1616193
20.03.2023,15.05.2023,Riedstraße,,19,Max-Stromeyer-Str.,50.0,,,,,,Riedstraße,79303,,47.68516439209556,9.147957531017855,47.68524421986284,9.147820761633312
20.03.2023,15.05.2023,Hoheneggstraße,,31,EGG,50.0,,,,,,Hoheneggstraße,78274,,47.683698291777816,9.2076593413227,47.6825371,9.2076063
27.03.2023,30.05.2023,Friedrichstraße,,23,Zaehringerplatz,50.0,,,,,,Friedrichstraße,77889,,47.67600762740819,9.183970303752735,47.67589188155626,9.184156041327924
27.03.2023,24.05.2023,Litzelstetterstraße,,29,Benedikt-Bauer-Str.,50.0,,,,,,Litzelstetter Straße,78715,,47.69253804741325,9.148192679293638,47.69246111698547,9.148192750890129
03.04.2023,30.05.2023,Sonnenbuehlstraße,,38,Friedrichstr.,50.0,,,,,,Sonnenbühlstraße,79674,,47.67874561484672,9.190972043780608,47.6788978414486,9.191007695513363
03.04.2023,30.05.2023,Jakobstraße,,81,Lindauerstr.,50.0,,,,,,Jakobstraße,78428,,47.67203704850817,9.20897212813301,47.6718363,9.2088266
03.04.2023,30.05.2023,Jakobstraße,,27,H.-v.-Vicari-Str.,50.0,,,,,,Jakobstraße,78428,,47.67782165206866,9.20509401251786,47.677671468063146,9.20493999256364
03.04.2023,05.06.2023,Radolfzellerstraße,,38,Riedstr.,50.0,,,,,,Radolfzeller Straße,79184,,47.69167357410936,9.14613995954122,47.69169058587258,9.14601321255812
17.04.2023,05.06.2023,Gustav-Schwab-Straße,,9,Bahnhof,50.0,,,,,,Gustav-Schwab-Straße,78078,,47.674754872778,9.172384581939674,47.67481874165117,9.172405244520428
27.04.2023,03.07.2023,Gottlieber Straße,,5,Laube,50.0,,,,,,Gottlieber Straße,78015,,47.66171436202408,9.1698132067463,47.66183484071483,9.16984565249272
08.04.2023,03.07.2023,Flurweg/Egg,,5,Wolfsried,50.0,,,,,,Flurweg,77833,,47.69208274097206,9.19267402038159,47.69216450703387,9.192616744810527
15.05.2023,17.07.2023,Obere Laube,,40,Bodanstr./Doebele,50.0,,,,,,Obere Laube,79065,,47.66049462262055,9.171211022580168,47.6604350744311,9.171301772236676
15.05.2023,17.07.2023,Fuerrstenbergstraße,,54,Radolfzellerstr.,50.0,,20.09.20223,,,,Fürstenbergstraße,77910,,47.6850035853545,9.154524701251724,47.68508936107714,9.154578722378144
15.05.2023,17.07.2023,Hermann-von-Vicari-Straße,,25,Jakobstr.,50.0,,,,,,Hermann-von-Vicari-Straße,78225,,47.67380787449985,9.20281169994511,47.67372099752365,9.20292604125572
15.05.2023,26.06.2023,Hoheneggstraße,,31,Schiffstr.,50.0,,,,,,Hoheneggstraße,78274,,47.683698291777816,9.2076593413227,47.6825371,9.2076063
15.05.2023,26.06.2023,Am Briel,,60,Bismarksteig,50.0,,,,,,Am Briel,77077,,47.67692114790172,9.17435734389992,47.67675936528129,9.174272793720304
15.05.2023,10.07.2023,Rheinsteig ,,4,Untere Laube,50.0,,,,,,Rheinsteig,79282,,47.6660743807698,9.177195788915316,47.66599238199294,9.177147266838382
30.05.2023,24.07.2023,Friedrichstraße,,14,Stockackerweg,50.0,,,,,,Friedrichstraße,77889,,47.67612720767334,9.184530134581363,47.67622931048607,9.18436631817365
30.05.2023,03.07.2023,Line-Eid-Straße,,6,Stromeyersdorg,50.0,,,,,,Line-Eid-Straße,78709,,47.6730202280539,9.15555758693914,47.67285210125164,9.15550088687688
30.05.2023,24.07.2023,Stifterstraße ,,16,Radolfzellerstr.,50.0,,,,,,Stifterstraße,79765,,47.68794586521907,9.153693086954377,47.68808192129527,9.153727691462048
30.05.2023,24.07.2023,Eichhornstraße,,56,Hoernle,50.0,,,,,,Eichhornstraße,77672,,47.666476176354,9.198647166322798,47.667047096365366,9.198814681775184
05.06.2023,08.08.2023,Radolfzellerstraße,,38,Ortsausgang,50.0,,,,,,Radolfzeller Straße,79184,,47.69167357410936,9.14613995954122,47.69169058587258,9.14601321255812
05.06.2023,26.06.2023,Gustav-Schwab-Straße,,9,Schneckenburg-Str.,50.0,,,,,,Gustav-Schwab-Straße,78078,,47.674754872778,9.172384581939674,47.67481874165117,9.172405244520428
26.06.2023,08.08.2023,Am Pfeiferhölzle,,2,Universitaetsstr.,50.0,,,,,,Am Pfeiferhölzle,77101,,47.68302690664336,9.178040518016294,47.68288886931228,9.178167503777145
03.07.2023,28.08.2023,Gottlieber Straße,,15,Schulthaissstr.,50.0,,,29.08.2023,,,Gottlieber Straße,78015,,47.661933202032905,9.16839865468497,47.66206723587671,9.168415797991893
03.07.2023,22.08.2023,Kamorstraße,,2,Eichhornstrasse,30.0,,,28.08.2023,,,Kamorstraße,78456,,47.66841889592149,9.187951908737404,47.66851826338766,9.18776093500335
03.07.2023,28.08.2023,Bachgasse/Egg,,10,Hafen,30.0,,,,,,Bachgasse,77210,,47.69334028849723,9.194202711607234,47.69338818318183,9.19414710412752
10.07.2023,22.08.2023,Alter Graben,,7,Schweiz,50.0,,,,,,Alten Graben,77042,,47.6611278290164,9.163726944923608,47.66123565925213,9.163786665843851
17.07.2023,10.08.2023,Obere Laube,,73,Untere Laube,50.0,,,20.09.2023,,,Obere Laube,79065,,47.65957725589234,9.171122919698997,47.65962871908613,9.171055731640438
17.07.2023,05.09.2023,Fuerstenbergstraße,,54,Wollmatingerstr.,50.0,,,05.09.2023,,,Fürstenbergstraße,77910,,47.6850035853545,9.154524701251724,47.68508936107714,9.154578722378144
17.07.2023,28.08.2023,Hermann-von-Vicari-Straße,,25,Mainaustr.,50.0,,,29.08.2023,,,Hermann-von-Vicari-Straße,78225,,47.67380787449985,9.20281169994511,47.67372099752365,9.20292604125572
19.07.2023,15.08.2023,Bagnatosteig,30,20,Dingelsdorf,50.0,,19.07.23 Daten gezogen,20.09.2023,20,a,Bagnatosteig,77212,77212020a,0,0,47.727847,9.156271
24.07.2023,15.08.2023,Zellerstraße,,15,Langenrainerstr.,50.0,,,20.09.2023,,,Zellerstraße,80062,,47.737877000728766,9.11010477775562,47.738001459530686,9.110071406535988
24.07.2023,05.09.2023,Eichhornstraße,,56,Mainaustr.,50.0,,,05.09.2023,,,Eichhornstraße,77672,,47.666476176354,9.198647166322798,47.667047096365366,9.198814681775184
24.07.2023,05.09.2023,Stifterstraße ,,16,Gabelsbergerstr.,50.0,,,05.09.2023,,,Stifterstraße,79765,,47.68794586521907,9.153693086954377,47.68808192129527,9.153727691462048
08.08.2023,25.09.2023,Am Pfeiferhölzle,,18,Stockackerweg,50.0,,,21.11.2023,,,Am Pfeiferhölzle,77101,,47.68251298641451,9.173737351857357,47.6826545732775,9.17376542155614
08.08.2023,25.09.2023,Hofhalde,,4,Wessenbergstr.,30.0,,,17.11.2023,,,Hofhalde,78267,,47.66235887692731,9.176661111960724,47.662312979608885,9.176641341752177
10.08.2023,18.09.2023,Obere Laube,,40,Doebele,50.0,,,,,,Obere Laube,79065,,47.66049462262055,9.171211022580168,47.6604350744311,9.171301772236676
15.08.2023,22.08.2023,Oberdorfstraße,,24,Litzestetten,50.0,,,20.09.2023,,,Oberdorfstraße,79088,,47.7287145397861,9.15552304734369,47.72866495960857,9.155465154023954
15.08.2023,11.09.2023,Zellerstraße,,15,Ortsausgang,30.0,,,20.09.2023,,,Zellerstraße,80062,,47.737877000728766,9.11010477775562,47.738001459530686,9.110071406535988
22.08.2023,25.09.2023,Heinrich-v.-Tettingen-Straße,,2,Hafen,50.0,,,21.11.2023,,,Heinrich-von-Tettingen-Straße,78216,,47.74667740058887,9.12850968983458,47.74685722749381,9.128451518225624
22.08.2023,11.09.2023,Kamorstraße,,2,Casino,30.0,,,20.09.2023,,,Kamorstraße,78456,,47.66841889592149,9.187951908737404,47.66851826338766,9.18776093500335
22.08.2023,25.09.2023,Schulthaissstraße,,10,Grenzbachstrasse,50.0,,,17.11.2023,,,Schulthaißstraße,79576,,47.660850576427535,9.165755030752084,47.66072724045707,9.166257903770054
28.08.2023,09.10.2023,Gottlieber Straße,,15,Lutherplatz,50.0,,,21.11.2023,,,Gottlieber Straße,78015,,47.661933202032905,9.16839865468497,47.66206723587671,9.168415797991893
28.08.2023,25.09.2023,Hermann-Hesse-Weg,,10,Therme,50.0,,,17.11.2023,,,Hermann-Hesse-Weg,78218,,47.665330125193705,9.205851186018826,47.665512179282445,9.205940323453827
28.08.2023,23.10.2023,Hermann-von-Vicari-Straße,,11,Jakobstr.,50.0,,,18.01.2024,,,Hermann-von-Vicari-Straße,78225,,47.67407525365957,9.199701128447291,47.67395234386456,9.199621670434988
05.09.2023,23.10.2023,Radolfzellerstraße,,65,Engelsteig,50.0,,,19.01.2024,,,Radolfzeller Straße,79184,,47.69350977989437,9.143605650058308,47.693624947446025,9.143645220870615
05.09.2023,07.11.2023,Breslauerstraße,,16,Riedstr.,50.0,,,08.11.2023,,,Breslauer Straße,77399,,47.68493918791009,9.150853819609075,47.6851804928014,9.150923560907144
05.09.2023,07.11.2023,Mainaustraße,,148,Faehre,50.0,,,08.11.2023,,,Mainaustraße,78799,,47.68141138014823,9.202455576241434,47.68150224402573,9.202231565711656
11.09.2023,27.11.2023,Fritz-Arnold-Straße,,14,TBK,30.0,,,,,,Fritz-Arnold-Straße,77896,,47.67410815183258,9.147159196880912,47.674222672251226,9.147346855584244
11.09.2023,07.11.2023,Schwaketenstraße,,3,Universitaet,50.0,,,08.11.2023,,,Schwaketenstraße,79583,,47.6901017945815,9.148085832447688,47.68999110827243,9.148079333161943
18.09.2023,07.11.2023,Sonnenbuehlstraße,,22,Mainaustr.,50.0,,,08.11.2023,,,Sonnenbühlstraße,79674,,47.67944123582759,9.187749807424089,47.679668112660536,9.187802922151851
25.09.2023,27.11.2023,Am Pfeiferhölzle,,18,Taborweg,50.0,,,,,,Am Pfeiferhölzle,77101,,47.68251298641451,9.173737351857357,47.6826545732775,9.17376542155614
25.09.2023,23.10.2023,Hofhalde,,4,Konzilstrasse,30.0,,,17.11.2023,,,Hofhalde,78267,,47.66235887692731,9.176661111960724,47.662312979608885,9.176641341752177
25.09.2023,20.11.2023,Heinrich-v.-Tettingen-Straße,,2,Ortsausgang,50.0,,,21.11.2023,,,Heinrich-von-Tettingen-Straße,78216,,47.74667740058887,9.12850968983458,47.74685722749381,9.128451518225624
25.09.2023,13.11.2023,Schulthaissstraße,,2,Gottlieberstr.,50.0,,,17.11.2023,,,Schulthaißstraße,79576,,47.66135990443596,9.166213341551517,47.66131138868661,9.166401811580474
09.10.2023,23.10.2023,Rheinsteig ,,15,Untere Laube,50.0,,durch Vandalismus  am 21./22.10. zerstoert,,,,Rheinsteig,79282,,47.66673455541066,9.175431247997556,47.66683480470138,9.175460726400887
23.10.2023,12.01.2024,Eichhornstraße,,36,Hoernle,50.0,,,,,,Eichhornstraße,77672,,47.66811970446779,9.194760239584962,47.66825923578631,9.194803472921292
23.10.2023,13.11.2023,Thomas-Sättele-Straße,,5,Bachbohlweg,30.0,,,17.11.2023,,,Thomas-Sättele-Straße,79831,,47.69040072403698,9.150004971065457,47.69049720238017,9.14998592152364
23.10.2023,08.01.2024,Alter Bannweg,,11,Taborweg,50.0,,,,,,Alter Bannweg,77049,,47.68010489410205,9.172091900994284,47.68005072612146,9.1720723861171
07.11.2023,18.01.2024,Breslauerstraße,,16,Hardtstr.,50.0,,,,,,Breslauer Straße,77399,,47.68493918791009,9.150853819609075,47.6851804928014,9.150923560907144
07.11.2023,11.01.2024,Mainaustraße,,148,Stadteinwaerts,50.0,,,21.02.2023,,,Mainaustraße,78799,,47.68141138014823,9.202455576241434,47.68150224402573,9.202231565711656
07.11.2023,11.01.2024,Schwaketenstraße,,3,Radolfzellerstr.,50.0,,"Geraet misst in den 50 km/h-Bereich rein, Statistik deswegen nur bedingt aussagekraeftig",23.02.2024,,,Schwaketenstraße,79583,,47.6901017945815,9.148085832447688,47.68999110827243,9.148079333161943
07.11.2023,08.01.2024,Untere Laube,,37,Rheinsteig,50.0,,,21.02.2023,,,Untere Laube,79898,,47.66371740951067,9.173379821409856,47.66376824512998,9.17326063537802
07.11.2023,08.01.2024,Mannheimerstraße,,30,Muehlenweg,50.0,,,Keine Rohdaten!!!,,,Mannheimer Straße,78249,,47.68683492067935,9.14426864480514,47.6876322,9.1442251
13.11.2023,08.01.2024,Sonnenbuehlstraße,,68,Friedrichstr.,40.0,,,10.01.2024,,,Sonnenbühlstraße,79674,,47.67737745575894,9.19470129572708,47.67750762495834,9.1948071863913
13.11.2023,16.01.2024,Thomas-Sättele-Straße,,5,Benedikt-Bauer-Str.,40.0,,,08.10.2024,,,Thomas-Sättele-Straße,79831,,47.69040072403698,9.150004971065457,47.69049720238017,9.14998592152364
27.11.2023,11.01.2024,Schwaketenstraße,,110,Universitaet,50.0,,,,,,Schwaketenstraße,79583,,47.68760694400213,9.163948778038977,47.6878358,9.1616193
27.11.2023,30.01.2024,Bruder-Klaus-Straße,,10,von-Emmich-Str,150.0,,,,,,Bruder-Klaus-Straße,77420,,47.67334064300181,9.1733207069942,47.6732309336368,9.17328596392177
08.01.2024,11.03.2024,Alter Bannweg,,11,Friedhof,50.0,,,,,,Alter Bannweg,77049,,47.68010489410205,9.172091900994284,47.68005072612146,9.1720723861171
08.01.2024,19.03.2024,Clara-Schumann-Straße,,2,Lorettowald,30.0,,,08.10.2024,,,Clara-Schumann-Straße,77521,,47.66794550747811,9.197759342995017,47.66804753316853,9.19761912275762
08.01.2024,19.03.2024,Bodanstraße,,21,Lago,50.0,,,Keine Rohdaten!!!,,,Bodanstraße,77364,,47.65809851099117,9.173021612708942,47.65823229212101,9.173037902581092
08.01.2024,19.03.2024,Rheinsteig ,,15,Untere Laube,50.0,,,08.10.2024,,,Rheinsteig,79282,,47.66673455541066,9.175431247997556,47.66683480470138,9.175460726400887
11.01.2024,30.01.2024,Mainaustraße,,147,Stadteinwaerts,50.0,,,21.02.2024,,,Mainaustraße,78799,,47.681764553855416,9.202141299330178,47.68169605238244,9.202310178885774
11.01.2024,13.02.2024,Schwaketenstraße,,3,Radolfzellerstr.,50.0,,,26.02.2024,,,Schwaketenstraße,79583,,47.6901017945815,9.148085832447688,47.68999110827243,9.148079333161943
11.01.2024,13.02.2024,Schwaketenstraße,,110,Universitaet,50.0,,,,,,Schwaketenstraße,79583,,47.68760694400213,9.163948778038977,47.6878358,9.1616193
12.01.2024,11.03.2024,Eichhornstraße,,36,Hoernle,50.0,,,13.03.2024,,,Eichhornstraße,77672,,47.66811970446779,9.194760239584962,47.66825923578631,9.194803472921292
16.01.2024,20.03.2024,Flurweg/Egg,,5,Egger Wiese,30.0,,,08.10.2024,,,Flurweg,77833,,47.6920636313065,9.192801751401968,47.69221823881102,9.192693451785775
20.11.2023,30.01.2024,Gartenstraße,,62,Zasiusstr.,50.0,,,,,,Gartenstraße,77938,,47.66624981358255,9.16577238988592,47.6661102457351,9.165751582594153
21.11.2023,11.03.2024,Wollmatinger Straße,,43,Zaehringerplatz,50.0,,Daten (11.03.24 bis 10:00 Uhr) werden noch gezogen,Rohdaten fehlen,,,Wollmatinger Straße,80038,,47.67663219705732,9.176849305740916,47.67680919657132,9.17691629092158
18.01.2024,12.02.2024,Breslauer Straße,,16,Hardtstr.,50.0,,,28.02.2024,,,Breslauer Straße,77399,,47.68493918791009,9.150853819609075,47.6851804928014,9.150923560907144
30.01.2024,09.04.2024,Mainaustraße,,90,Faehre,50.0,,,24.04.2024,,,Mainaustraße,78799,,47.67666162775284,9.198829440117796,47.67664605715552,9.198647415701307
30.01.2024,09.04.2024,Bruder-Klaus-Straße,,2,Schneckenburgstr-,50.0,,,24.04.2024,,,Bruder-Klaus-Straße,77420,,47.672609434281,9.175546851887622,47.67252766934005,9.175520807312251
30.01.2024,09.04.2024,Gartenstraße,,62,Neue Bruecke,50.0,,,24.04.2024,,,Gartenstraße,77938,,47.66624981358255,9.16577238988592,47.6661102457351,9.165751582594153
12.02.2024,27.02.2024,Kindlebildstraße,,26,Radolfzellerstr.,50.0,,,20.06.2024,,,Kindlebildstraße,78512,,47.69188252921165,9.141157372897077,47.6918589,9.1423292
13.02.2024,29.04.2024,Radolfzeller Straße,,20,Riedstr.,50.0,,,07.05.2024,,,Radolfzeller Straße,79184,,47.69035988603817,9.147287264080314,47.69028306180859,9.14725145128156
13.02.2024,09.04.2024,Allmansdorfer Straße,,28,Mainaustr.,50.0,,,24.04.2024,,,Allmannsdorfer Straße,77014,,47.6735630457767,9.186697080252603,47.67369194517152,9.18668449750901
27.02.2024,19.03.2024,Kindlebildstraße,,52,Reichenau,70.0,,,20.06.2024,,,Kindlebildstraße,78512,,47.69005401182977,9.13449836067146,47.68979294457844,9.134638465838226
11.03.2024,29.04.2024,Torkelbergstraße,,7,H.-M.-Schleyer-Str.,50.0,,,08.05.2024,,,Torkelbergstraße,79849,,47.711115588590665,9.171702572087153,47.711227892695405,9.171713814457595
11.03.2024,13.05.2024,Eichhornstraße,,36,Mainaustr.,50.0,,,20.06.2024,,,Eichhornstraße,77672,,47.66811970446779,9.194760239584962,47.66825923578631,9.194803472921292
11.03.2024,20.03.2024,Wollmatinger Straße,,43,Friedhof,50.0,,,Rohdaten fehlen,,,Wollmatinger Straße,80038,,47.67663219705732,9.176849305740916,47.67680919657132,9.17691629092158
19.03.2024,29.04.2024,Clara-Schumann-Straße,,2,Eichhornstrasse,30.0,,,05.09.2024,,,Clara-Schumann-Straße,77521,,47.66794550747811,9.197759342995017,47.66804753316853,9.19761912275762
19.03.2024,13.05.2024,Rheinsteig ,,15,Bruecke,50.0,,,Keine Rohdaten!,,,Rheinsteig,79282,,47.66673455541066,9.175431247997556,47.66683480470138,9.175460726400887
19.03.2024,13.05.2024,Hoheneggstraße,,7,Staaderstr.,50.0,,,20.06.2324,,,Hoheneggstraße,78274,,47.68062326117096,9.207149901072466,47.68061218539522,9.207315868612724
19.03.2024,21.05.2024,Kindlebildstraße,,30,Radolfzellerstr.,50.0,,,20.06.2024,,,Kindlebildstraße,78512,,47.69178181511828,9.140375104825967,47.69169824092223,9.140382543964217
20.03.2024,29.04.2024,Flurweg/Egg,,5,Mainaustr.,30.0,,,Keine Rohdaten!,,,Flurweg,77833,,47.6920636313065,9.192801751401968,47.69221823881102,9.192693451785775
20.03.2024,13.05.2024,Wollmatingerstraße,,43,Friedhof,50.0,,,21.06.2024,,,Wollmatinger Straße,80038,,47.67663219705732,9.176849305740916,47.67680919657132,9.17691629092158
09.04.2024,03.06.2024,Längerbohlstraße,,25,Buhlenweg,100.0,,,21.06.2024,,,Längerbohlstraße,78659,,47.68735182002323,9.154376929829777,47.68709483398752,9.15429706628598
09.04.2024,17.06.2024,Taborweg,,13,Pfeiferhoelzle,30.0,,,21.06.2024,,,Taborweg,79793,,47.68016274341405,9.169496540961882,47.68007413107302,9.169625606158132
09.04.2024,03.06.2024,Mainaustraße,,96,Stadteinwaerts,50.0,,,24.06.2024,,,Mainaustraße,78799,,47.67710139293086,9.198905851266034,47.67696359617684,9.19853358790198
09.04.2024,17.06.2024,Allmansdorfer Straße,,25,Zaehringerplatz,50.0,,,24.06.2024,,,Allmannsdorfer Straße,77014,,47.67386369601011,9.187116326868246,47.67373532224035,9.187128858302016
29.04.2024,24.06.2024,Schiffstraße,,20,Faehre,50.0,,,26.06.2024,,,Schiffstraße,79499,,47.68251659655355,9.206128109755882,47.68270726794879,9.206153623497228
29.04.2024,03.06.2024,Höriblick,,9,Stifterstr.,50.0,,,16.10.2024,,,Höriblick,78260,,47.68825446566335,9.15017458107316,47.68817727472716,9.150133269058175
29.04.2024,01.07.2024,Radolfzeller Straße,,20,Kindlebildstrasse,50.0,,,13.08.2024,,,Radolfzeller Straße,79184,,47.69035988603817,9.147287264080314,47.69028306180859,9.14725145128156
13.05.2024,08.07.2024,Eichhornstraße,,84,Hoernle,50.0,,,13.08.2024,,,Eichhornstraße,77672,,47.66683687140419,9.20938813739918,47.66701138378573,9.209378076761665
13.05.2024,15.07.2024,Hoheneggstraße,,7,Schiffstrasse,50.0,,,14.08.2024,,,Hoheneggstraße,78274,,47.68062326117096,9.207149901072466,47.68061218539522,9.207315868612724
13.05.2024,24.06.2024,Stockackerweg,,78,Am Pfeiferhoelzle,50.0,,,08.10.2024,,,Stockackerweg,79772,,47.68255280148504,9.177528724878533,47.68245846325169,9.177489777901462
13.05.2024,15.07.2024,Reichenaustraße,,83,Flughafen,50.0,,,14.08.2024,,,Reichenaustraße,79240,,47.67487343907519,9.152102000466382,47.675277952914456,9.152292515879443
25.10.2022,21.11.2022,Zeller Straße (Dettingen),,15,Langenrainer Strasse,100.0,,,,,,Zellerstraße,80062,,47.737877000728766,9.11010477775562,47.738001459530686,9.110071406535987
24.07.2023,15.08.2023,Zellerstraße,,15,Langenrainerstr.,50.0,,,20.09.2023,,,Zellerstraße,80062,,47.737877000728766,9.11010477775562,47.738001459530686,9.110071406535987
15.08.2023,11.09.2023,Zellerstraße,,15,Ortsausgang,30.0,,,20.09.2023,,,Zellerstraße,80062,,47.737877000728766,9.11010477775562,47.738001459530686,9.110071406535987
21.05.2024,22.07.2024,Kindlebildstraße,,30,ZPR,50.0,,,14.08.2024,,,Kindlebildstraße,78512,,47.69178181511828,9.140375104825967,47.69169824092223,9.140382543964215
03.06.2024,22.07.2024,Längerbohlstraße,,25,Hoeriblick,100.0,,,16.08.2024,,,Längerbohlstraße,78659,,47.68735182002323,9.154376929829777,47.687094833987516,9.15429706628598
03.06.2024,17.06.2024,Mainaustraße,,96,Stadteinwaerts,50.0,,"Daten nicht Aussagefaehig, Umstellung 30 km/h-50 km/h",24.06.2024 nicht Aussagefaehig,,,Mainaustraße,78799,,47.67710139293086,9.198905851266034,47.67696359617684,9.198533587901979
03.06.2024,22.07.2024,Muehlbachweg,,12,Ortsmitte,50.0,,,16.10.2024,,,Mühlbachweg,78989,,47.73892156766277,9.154219460885392,47.73885883879331,9.154170444691868
06.05.2024,24.06.2024,Zum Hussenstein,,7,Zoll/CH,50.0,,Geraet ab 24.06.24 Defekt!!!,16.10.2024,,,Zum Hussenstein,80101,,47.66153406320522,9.164553711515698,47.661580131838186,9.164384677734587
17.06.2024,12.08.2024,Am Pfeiferhölzle,,18,Stockackerweg,50.0,,Unfall Bus 02.07.23/ Halterung erneuert Test OK,13.08.2024,,,Am Pfeiferhölzle,77101,,47.68251298641451,9.173737351857357,47.6826545732775,9.173765421556139
17.06.2024,01.07.2024,Mainaustraße,,96,Stadteinwaerts,50.0,,,04.09.2024,,,Mainaustraße,78799,,47.67710139293086,9.198905851266034,47.67696359617684,9.198533587901979
24.06.2024,19.08.2024,Schiffstraße,,20,Mainaustr.,50.0,,,04.09.2024,,,Schiffstraße,79499,,47.68251659655355,9.206128109755882,47.68270726794879,9.206153623497228
24.06.2024,12.08.2024,Griesseggstraße,,11,Gartenstr.,50.0,,,16.10.2024,,,Grießeggstraße,78036,,47.664214344552335,9.1607810130245,47.664181278806396,9.16092370937471
01.07.2024,26.08.2024,Radofzeller Straße,,63,Engelsteig,50.0,,,04.09.2024,,,Radolfzeller Straße,79184,,47.6934357084638,9.143837600860111,47.69355782914597,9.14387128577202
01.07.2024,16.09.2024,Buhlenweg,,11,Schwaketenstr.,50.0,,,26.09.2024,,,Buhlenweg,77490,,47.68429661664349,9.15921258771495,47.6842028344144,9.15930156059896
01.07.2024,19.08.2024,Jacob-Burckhard-Straße,,23,Friedrichstr.,50.0,,,04.09.2024,,,Jacob-Burckhardt-Straße,78414,,47.68141317399362,9.187637767557288,47.68131368105249,9.18761901741526
08.07.2024,19.08.2024,Eichhornstraße ,,84,Rosenau,50.0,,,04.09.2024,,,Eichhornstraße,77672,,47.66683687140419,9.20938813739918,47.667011383785734,9.209378076761663
15.07.2024,26.08.2024,Reichenaustraße,,83,Adam-Opel-Str.,50.0,,,04.09.2024,,,Reichenaustraße,79240,,47.67487343907519,9.152102000466382,47.675277952914456,9.152292515879445
22.07.2024,30.09.2024,Buecklestraße,,70,Oberlohnstrasse,50.0,,,09.10.2024,,,Bücklestraße,77476,,47.67700703536224,9.16988573497065,47.6768788292932,9.169847774986634
22.07.2024,30.09.2024,Mainaustraße ,,30,Faehre,50.0,,,09.10.2024,,,Mainaustraße,78799,,47.66904474859532,9.184140448634734,47.669212429119895,9.184102000173475
12.08.2024,02.09.2024,Griesseggstraße,,11,Gottlieber Zoll,50.0,,,04.09.2024,,,Grießeggstraße,78036,,47.664214344552335,9.1607810130245,47.664181278806396,9.16092370937471
12.08.2024,30.09.2024,Breslauer Straße ,,16,Riedstrasse,50.0,,,16.10.2024,,,Breslauer Straße,77399,,47.68493918791009,9.150853819609075,47.6851804928014,9.150923560907145
19.08.2024,07.10.2024,Mainaustraße,,148,Staad,50.0,,,16.10.2024,,,Mainaustraße,78799,,47.68141138014823,9.202455576241434,47.68150224402573,9.202231565711655
19.08.2024,02.09.2024,Sonnenbuehlstraße,,36,Friedrichstrasse,50.0,,Spionmodus,26.09.2024,,,Sonnenbühlstraße,79674,,47.67874215451511,9.19007565058044,47.67909668198894,9.190158681526388
19.08.2024,07.10.2024,Eichhornstraße ,,10,Mainaustr.,50.0,,,16.10.2024,,,Eichhornstraße,77672,,47.66940095318784,9.189673146312746,47.6695673325974,9.189712928390668
26.08.2024,09.09.2024,Schwaketenstraße,,3,Radolfzeller Str.,100.0,,Schulferien,26.09.2024,,,Schwaketenstraße,79583,,47.6901017945815,9.148085832447688,47.68999110827243,9.148079333161945
26.08.2024,15.10.2024,Sonnentauweg,,35,Buhlenweg,100.0,,,06.11.2024,,,Sonnentauweg,79688,,47.68353834567424,9.16621742554235,47.68364279893194,9.16626875121099
26.08.2024,15.10.2024,An der Steig,,5,Hermann-von-Vicari,40.0,,,16.10.2024,,,An der Steig,77140,,47.67660645757403,9.199252622520865,47.67664862148661,9.199357582008108
02.09.2024,09.09.2024,Fritz-Arnold-Straße,,17,Siemensstr.,50.0,,,26.09.2024,,,Fritz-Arnold-Straße,77896,,47.67397485984802,9.147677444457978,47.6738951059586,9.14754675587291
02.09.2024,30.09.2024,Sonnenbuehlstraße,,36,Friedrichstrasse,50.0,,,16.10.2024,,,Sonnenbühlstraße,79674,,47.67874215451511,9.19007565058044,47.67909668198894,9.190158681526388
02.09.2024,05.11.2024,Karlsruher Straße,,15,Hardtstrasse,50.0,,,06.11.2024,,,Karlsruher Straße,78484,,47.68457129723343,9.149528824935336,47.68432426872023,9.149477109203046
02.09.2024,30.09.2024,Mannheimer Straße,,5,Muehlenweg,70.0,,,16.10.2024,,,Mannheimer Straße,78249,,47.68525600433985,9.143912516616613,47.68513271658822,9.14409980690321
09.09.2024,05.11.2024,Fritz-Arnold-Straße,,17,Siemensstr.,50.0,,,06.11.2024,,,Fritz-Arnold-Straße,77896,,47.67397485984802,9.147677444457978,47.6738951059586,9.14754675587291
09.09.2024,11.11.2024,Schwaketenstraße,,3,Radolfzeller Str.,100.0,,,12.11.2024,,,Schwaketenstraße,79583,,47.6901017945815,9.148085832447688,47.68999110827243,9.148079333161945
16.09.2024,11.11.2024,Buhlenweg,,11,Fuerstenbergstr.,50.0,,,27.11.2024,,,Buhlenweg,77490,,47.68429661664349,9.15921258771495,47.6842028344144,9.15930156059896
30.09.2024,19.11.2024,Breslauerstraße,,16,Hardstr.,50.0,,,27.11.2024,,,Breslauer Straße,77399,,47.68493918791009,9.150853819609075,47.6851804928014,9.150923560907145
30.09.2024,28.10.2024,Kreuzlingerstraße,,42,Emmishoferstr.,50.0,,,06.11.2024,,,Kreuzlinger Straße,78624,,47.65684712222796,9.171993890626366,47.656907466786194,9.172045112227769
30.09.2024,25.11.2024,Mainaustraße,,30,Egg,50.0,,,27.11.2024,,,Mainaustraße,78799,,47.66904474859532,9.184140448634734,47.669212429119895,9.184102000173475
30.09.2024,25.11.2024,Sonnenbuehlstraße,,36,Mainaustr.,50.0,,,27.11.2024,,,Sonnenbühlstraße,79674,,47.67874215451511,9.19007565058044,47.67909668198894,9.190158681526388
30.09.2024,19.11.2024,Buecklestraße,,70,Schneckenburgstr.,50.0,,,27.11.2024,,,Bücklestraße,77476,,47.67700703536224,9.16988573497065,47.6768788292932,9.169847774986634
30.09.2024,25.11.2024,Reichenaustraße,,7,Schneckenburgstr.,50.0,,,27.11.2024,,,Reichenaustraße,79240,,47.67106178632643,9.17050305879258,47.671162196148096,9.17052215373378
07.10.2024,02.12.2024,Mainaustraße,,148,stadteinwaerts,50.0,,,02.12.2024,,,Mainaustraße,78799,,47.68141138014823,9.202455576241434,47.68150224402573,9.202231565711655
07.10.2024,02.12.2024,Wollmatingerstraße,,70,Taborweg,50.0,,,11.12.2024,,,Wollmatinger Straße,80038,,47.679095812045865,9.170941852743528,47.67899768378815,9.170917925106185
15.10.2024,05.11.2024,An der Steig,,5,Oberstegle,40.0,,,16.11.2024,,,An der Steig,77140,,47.67660645757403,9.199252622520865,47.67664862148661,9.199357582008108
15.10.2024,02.12.2024,Reutestraße,,54,Hardtstrasse,50.0,,,Rohdaten fehlerhaft!,,,Reutestraße,79261,,47.681691551217845,9.15424591129636,47.68184310122441,9.154306309197885
28.10.2024,02.12.2024,Kreuzlinger Straße,,24,Emmishofer Strasse,30.0,,Neuer 30 km/h Bereich,07.01.2025,,,Kreuzlinger Straße,78624,,47.65725757416249,9.171228274056473,47.6573987487608,9.17132202957958
05.11.2024,13.01.2025,Rheingutstraße,,39,HTWG,50.0,,,14.01.2025,,,Rheingutstraße,79275,,47.66730835045317,9.165179261925037,47.66742986289432,9.165193242857715
05.11.2024,27.01.2025,Wallgutstraße,,38,Obere Laube,30.0,,Baustelle,29.01.2025,,,Wallgutstraße,79947,,47.66499642171574,9.165467530908463,47.664854611064044,9.165443204843076
05.11.2024,16.12.2024,Schwaketenstraße,,110,Universitaet,50.0,,,07.01.2025,,,Schwaketenstraße,79583,,47.68760694400213,9.163948778038977,47.6878358,9.1616193
11.11.2024,11.12.2024,Jungerhalde,,26,AWO Pflegeheim,50.0,,,07.01.2025,,,Jungerhalde,78442,,47.68202969261274,9.198130874872062,47.6819703,9.1981607
11.11.2024,13.01.2025,Mainaustraße Egg,,210,Ortsmitte,30.0,,,14.01.2025,,,Mainaustraße,78799,,47.69052086885159,9.194041659150642,47.69040547213561,9.19385175752264
19.11.2024,03.02.2025,Allmannsdorferstraße,,82,Zaehringerplatz,50.0,,Neuer 30 km/h Bereich,04.02.2025,,,Allmannsdorfer Straße,77014,,47.67366770242871,9.191439630333344,47.673815822554246,9.191444288978765
19.11.2024,03.02.2025,Zähringerplatz,,1,Allmannsdorferstr.,30.0,,Neuer 30 km/h Bereich,04.02.2025,,,Zähringerplatz,80045,,47.67172730524479,9.182859445835533,47.671565621411496,9.183071338746801
25.11.2024,03.02.2025,Im Loh,,14,Ortsmitte,30.0,,Neuer 30 km/h Bereich,04.02.2025,,,Im Loh,78358,,47.70950027486499,9.17143917891588,47.70927867566478,9.171622963555606
25.11.2024,03.02.2025,Theodor-Heuss-Straße,,27,Sternenplatz,50.0,,Neuer 30 km/h Bereich,04.02.2025,,,Theodor-Heuss-Straße,79828,,47.67022554186982,9.18203935639752,47.67013102119796,9.18214809495903
25.11.2024,10.12.2024,Friedrichstraße,,65,Zaehringerplatz,50.0,,Voreingestellt auf neue 30 km/h Zone (SP),11.12.2024,,,Friedrichstraße,77889,,47.67946326347804,9.184431314150777,47.6795465,9.1845626
02.12.2024,13.12.2024,Fuerstenbergstraße,,16,Hardtstrasse,50.0,,,07.01.2025,,,Fürstenbergstraße,77910,,47.68700142198718,9.150332219642635,47.68711983526022,9.150381787989486
02.12.2024,03.02.2024,Wollmatingertrasse,,70,Steinstrasse,50.0,,,11.02.2025,,,Wollmatinger Straße,80038,,47.679095812045865,9.170941852743528,47.67899768378815,9.170917925106185
02.12.2024,03.02.2024,Reutestraße,,54,Elberfeldstrasse,50.0,,,04.02.2025,,,Reutestraße,79261,,47.681691551217845,9.15424591129636,47.68184310122441,9.154306309197885
10.12.2024,20.01.2025,Friedrichstraße,,65,Zaehringerplatz,50.0,,Neuer 30 km/h Bereich,29.01.2025,,,Friedrichstraße,77889,,47.67946326347804,9.184431314150777,47.6795465,9.1845626
11.12.2024,10.02.2025,Kapitän-Romer-Straße,,40,Ortsmitte,50.0,,,11.02.2025,,,Kapitän-Romer-Straße,78473,,47.73894675120064,9.116813756056397,47.73912720610692,9.116798542186409
13.12.2024,10.02.2025,Fuerstenbergstraße,,16,Hardtstr.,50.0,,Neuer 30 km/h Bereich,11.02.2025,,,Fürstenbergstraße,77910,,47.68700142198718,9.150332219642635,47.68711983526022,9.150381787989486
16.12.2024,24.02.2025,Riedstraße,,1,Breslauerstrasse,50.0,,Neue 30 km/h Bereich,03.03.2025,,,Riedstraße,79303,,47.68717359654558,9.148637072478714,47.687173146593715,9.148419070801664
13.01.2025,20.01.2025,Am Pfeiferhölzle,,16,Stockackerweg,50.0,,,GeDi Defekt !!!/29.01.2025,,,Am Pfeiferhölzle,77101,,47.68240819557582,9.174250113784488,47.68254476982973,9.174279587187778
13.01.2025,24.02.2025,Mainaustraße Egg,,210,Ortsausgang,50.0,,,03.03.2025,,,Mainaustraße,78799,,47.69052086885159,9.194041659150642,47.69040547213561,9.19385175752264
20.01.2025,10.03.2025,Spanierstraße,,11,Benediktienerplatz,50.0,,,27.03.2025,,,Spanierstraße,79695,,47.66925335196794,9.175740603561923,47.66949942984631,9.176072542379663
20.01.2025,17.03.2025,Friedrichstraße,,65,Sonnenbuehlstr.,50.0,,,19.03.2025,,,Friedrichstraße,77889,,47.67946326347804,9.184431314150777,47.6795465,9.1845626
27.01.2025,03.02.2025,Schneckenburgstraße,,5,Friedhof,50.0,,,28.03.2025,,,Schneckenburgstraße,79520,,47.6726695167304,9.169578848393028,47.67256358446173,9.169729704644961
03.02.2025,24.03.2025,Zähringerplatz,,16,Th.-Heuss-Str.,50.0,,,,,,Zähringerplatz,80045,,47.672106283703656,9.183763697345212,47.67226226242101,9.183582287315254
03.02.2025,24.03.2025,Allmannsdorferstraße,,36,Mainaustrasse,50.0,,,27.03.2025,,,Allmannsdorfer Straße,77014,,47.67361680918193,9.187385744235357,47.67375293121291,9.187377074228237
03.02.2025,01.04.2025,Mainaustraße,,181,Egg,50.0,,Zeitumstellung 31.03.25,24.04.2025,,,Mainaustraße,78799,,47.68454834581023,9.199521641685063,47.6848851,9.2004388
03.02.2025,24.03.2025,Th.-Heuss-Straße,,27,Zaehringerplatz,50.0,,,27.03.2025,,,Theodor-Heuss-Straße,79828,,47.67022554186982,9.18203935639752,47.67013102119796,9.18214809495903
03.02.2025,10.03.2025,Schneckenburgstraße ,,5,Friedhof,50.0,,Baustelle !,19.03.2025,,,Schneckenburgstraße,79520,,47.6726695167304,9.169578848393028,47.67256358446173,9.169729704644961
03.02.2025,17.03.2025,Schreibergasse,,1,Rheinsteig,30.0,,,28.03.2025,,,Schreibergasse,79548,,47.66541455833348,9.17462644178535,47.66536021654726,9.174699929001303
06.02.2025,24.03.2025,Wollmatingerstraße,,70,Steinstrasse,50.0,,neuer 40 km/h Bereich !!!,27.03.2025,,,Wollmatinger Straße,80038,,47.679095812045865,9.170941852743528,47.67899768378815,9.170917925106185
10.02.2025,24.03.2025,Wollmatingerstraße,,151,Oberlohnstr.,50.0,,neuer 40 km/h Bereich !!!,27.03.2025,,,Wollmatinger Straße,80038,,47.67957184670589,9.167054722846922,47.67972115257197,9.167084034074705
10.02.2025,31.03.2025,Fuerstenbergstraße,,16,Riedstr.,50.0,,Zeitumstellung 31.03.25,24.04.2025,,,Fürstenbergstraße,77910,,47.68700142198718,9.150332219642635,47.68711983526022,9.150381787989486
24.02.2025,15.04.2025,Riedstraße,,34,Fuerstenbergstr.,50.0,,neuer 30 km/h Bereich !!! Zeitumstellung 31.03.25,15.04.2025,,,Riedstraße,79303,,47.68417813378083,9.146994444147085,47.684135459726654,9.147330454267344
24.02.2025,19.03.2025,Schiffstraße,,12,Mainaustr.,50.0,,neuer 30 km/h Bereich !!!/Baustelle,19.03.2025,,,Schiffstraße,79499,,47.68260863424277,9.20543055484479,47.6828005848737,9.205456239760677
10.03.2025,14.04.2025,Höhenweg,,2,Friedrichstr.,30.0,,"Zeitumstellung,31.03.25",24.04.2025,,,Höhenweg,78253,,47.67768591496088,9.185623708908365,47.67775001325326,9.185662469522818
17.03.2025,14.04.2025,Bohlstraße Dingelsdorf,,6,Campingplatz,50.0,,"Zeitumstellung,31.03.25",24.04.2025,,,Bohlstraße,77365,,47.741168075890585,9.153221131241551,47.741063566628554,9.153152800844152
17.03.2025,,Bodanstraße,,21,Bodanplatz,50.0,,"Zeitumstellung,31.03.25",,,,Bodanstraße,77364,,47.65809851099117,9.173021612708942,47.65823229212101,9.173037902581092
19.03.2025,,Schiffstraße,,20,Faehre,50.0,,neuer 30 km/h Bereich !!! Zeitumstellung 31.03.25,,,,Schiffstraße,79499,,47.68251659655355,9.206128109755882,47.68270726794879,9.206153623497228
24.03.2025,,Gartenstraße,,62,Zasiusstr.,50.0,,"Zeitumstellung,31.03.25",,,,Gartenstraße,77938,,47.66624981358255,9.16577238988592,47.6661102457351,9.165751582594153
24.03.2025,,Griesseggstraße,,7,Zoll,50.0,,"Zeitumstellung,31.03.25",,,,Grießeggstraße,78036,,47.66380696856064,9.16075192470998,47.663802465415344,9.160899369279392
24.03.2025,,Radolfzellerstraße,,63,Engelsteig,50.0,,"Zeitumstellung,31.03.25",,,,Radolfzeller Straße,79184,,47.6934357084638,9.143837600860111,47.69355782914597,9.14387128577202
24.03.2025,,Mainaustraße,,74,Staad,50.0,,neuer 40 km/h Bereich !!! Zeitumstellung 31.03.25,,,,Mainaustraße,78799,,47.67375640420829,9.196400085445326,47.673908331354234,9.196333847312491
24.03.2025,,Wollmatingerstraße,,151,Friedhof,50.0,,neuer 40 km/h Bereich !!! Zeitumstellung 31.03.25,,,,Wollmatinger Straße,80038,,47.67957184670589,9.167054722846922,47.67972115257197,9.167084034074705
31.03.2025,,H.-v.-Vicari-Straße,,9,Jakobstrasse,50.0,,,,,,Hermann-von-Vicari-Straße,78225,,47.6743121679132,9.199491544620722,47.674225699204335,9.199345050948875
01.04.2025,,Radolfzellerstraße,,91,Ortsausgang,50.0,,neuer 30 km/h Bereich,,,,Radolfzeller Straße,79184,,47.69440036315768,9.141071944118773,47.69450162686927,9.1411070559535
15.04.2025,,Wollmatingerstraße,,28,Friedhof,50.0,,neuer 40 km/h Bereich,,,,Wollmatinger Straße,80038,,47.67622563313871,9.17971759722782,47.675824268444224,9.17956549095577
14.04.2025,,Höhenweg,,6,Sonnenhaldenschule,20.0,,,,,,Höhenweg,78253,,47.67751811824208,9.185950722002785,47.67759211553678,9.18597456557552
